/*
Navicat MySQL Data Transfer

Source Server         : localhost
Source Server Version : 50625
Source Host           : localhost:3306
Source Database       : zxks

Target Server Type    : MYSQL
Target Server Version : 50625
File Encoding         : 65001

Date: 2015-12-18 11:31:57
*/

SET FOREIGN_KEY_CHECKS=0;

-- ----------------------------
-- Table structure for `examinee`
-- ----------------------------
DROP TABLE IF EXISTS `examinee`;
CREATE TABLE `examinee` (
  `examineeId` char(32) NOT NULL,
  `examineeName` varchar(50) NOT NULL,
  `examineeTelephone` varchar(20) NOT NULL,
  `examineeState` varchar(50) NOT NULL,
  `examineeSex` char(10) NOT NULL,
  `examineeSchool` varchar(50) NOT NULL,
  `examineeEmail` varchar(50) NOT NULL,
  `examineePassword` varchar(50) NOT NULL,
  `ppositionId` char(32) NOT NULL,
  PRIMARY KEY (`examineeId`),
  KEY `ppositionId` (`ppositionId`),
  CONSTRAINT `examinee_ibfk_1` FOREIGN KEY (`ppositionId`) REFERENCES `pposition` (`ppositionId`) ON DELETE CASCADE ON UPDATE CASCADE
) ENGINE=InnoDB DEFAULT CHARSET=utf8;

-- ----------------------------
-- Records of examinee
-- ----------------------------
INSERT INTO `examinee` VALUES ('2', '李兰', '15094058704', '0', '女', '西安建筑大学', '1104886548@qq,com', 'ICy5YqxZB1uWSwcVLSNLcA==', '10F7317385DA4F64B4B2CFCBE2D7DCDF');
INSERT INTO `examinee` VALUES ('235237970D164CCC85F35CDA6E9BFEB6', '白宁', '13080916837', '0', '男', '西安科技大学', '1104986651@qq.com', 'ICy5YqxZB1uWSwcVLSNLcA==', '10F7317385DA4F64B4B2CFCBE2D7DCDF');
INSERT INTO `examinee` VALUES ('3', '陈玲玲', '15829556801', '0', '女', '西安建筑大学', '1104886548@qq,com', 'ICy5YqxZB1uWSwcVLSNLcA==', '10DA0566722C45DEAFC35ABC6D2676B6');
INSERT INTO `examinee` VALUES ('4', '黄康', '15529608519', '0', '男', '陕西理工大学', '1104886548@qq,com', 'ICy5YqxZB1uWSwcVLSNLcA==', '10F7317385DA4F64B4B2CFCBE2D7DCDF');
INSERT INTO `examinee` VALUES ('4692BC58BE644D149A3B302C61FFCDC0', '毛晖', '13660185481', '0', '女', '西安科技大学', '1104986653@qq.com', 'ICy5YqxZB1uWSwcVLSNLcA==', '10F7317385DA4F64B4B2CFCBE2D7DCDF');
INSERT INTO `examinee` VALUES ('5', '张瑞超', '15029919440', '3', '男', '西安石油大学', '851986339@qq.com', 'ICy5YqxZB1uWSwcVLSNLcA==', '5BB9DB79592A47EEA2C236028F5FCDBE');
INSERT INTO `examinee` VALUES ('6', '王欢', '15667088516', '0', '女', '西安建筑科技大学', '1004814706@qq.com', 'ICy5YqxZB1uWSwcVLSNLcA==', '5BB9DB79592A47EEA2C236028F5FCDBE');
INSERT INTO `examinee` VALUES ('8', '李英', '15029989334', '0', '女', '西安石油大学', '1104886548@qq,com', 'ICy5YqxZB1uWSwcVLSNLcA==', '10F7317385DA4F64B4B2CFCBE2D7DCDF');
INSERT INTO `examinee` VALUES ('9', '陈敬刚', '15596601660', '0', '男', '西安石油大学', '1104886548@qq,com', 'ICy5YqxZB1uWSwcVLSNLcA==', '10F7317385DA4F64B4B2CFCBE2D7DCDF');
INSERT INTO `examinee` VALUES ('948C4EF821BB418C94AADA50588736A3', '王锦', '17791453057', '0', '男', '新疆大学', '794146557@qq.com', 'ICy5YqxZB1uWSwcVLSNLcA==', '10DA0566722C45DEAFC35ABC6D2676B6');
INSERT INTO `examinee` VALUES ('A26999CF1EBC4419B95B27A9028E016F', '朱彤', '13572929731', '0', '男', '西安科技大学', '1104986657@qq.com', 'ICy5YqxZB1uWSwcVLSNLcA==', '10F7317385DA4F64B4B2CFCBE2D7DCDF');
INSERT INTO `examinee` VALUES ('AAB2BAA2180E430F9D2D29D720A7A038', '徐小宇', '13689260524', '0', '女', '陕西师范大学', '1104986655@qq.com', 'ICy5YqxZB1uWSwcVLSNLcA==', '5BB9DB79592A47EEA2C236028F5FCDBE');
INSERT INTO `examinee` VALUES ('AC7BF29AC80C4D728C925E5A3D40DEB1', '任冰', '13679284729', '0', '女', '西安科技大学', '1104986649@qq.com', 'ICy5YqxZB1uWSwcVLSNLcA==', '5BB9DB79592A47EEA2C236028F5FCDBE');
INSERT INTO `examinee` VALUES ('BA5E44EAE3DB40C5B01EC84EBF5185A8', '杨博', '13759871747', '0', '男', '西安科技大学', '1104986538@qq.com', 'ICy5YqxZB1uWSwcVLSNLcA==', '10DA0566722C45DEAFC35ABC6D2676B6');
INSERT INTO `examinee` VALUES ('C0EF9EB9AC834D2E9F4CC1A754C22382', '周可', '13572811452', '0', '男', '西安科技大学', '1104986660@qq.com', 'ICy5YqxZB1uWSwcVLSNLcA==', '10F7317385DA4F64B4B2CFCBE2D7DCDF');
INSERT INTO `examinee` VALUES ('E8135198ADCB470BA1CDE0AB52B744CD', '卞治渊', '13772174318', '0', '男', '西安科技大学', '1104986543@qq.com', 'ICy5YqxZB1uWSwcVLSNLcA==', '10F7317385DA4F64B4B2CFCBE2D7DCDF');
INSERT INTO `examinee` VALUES ('F71DB89ABE994C91A15AEDD6575575AD', '盛玉', '13630258414', '0', '男', '西安科技大学', '1104886548@qq.com', 'ICy5YqxZB1uWSwcVLSNLcA==', '5BB9DB79592A47EEA2C236028F5FCDBE');

-- ----------------------------
-- Table structure for `grade`
-- ----------------------------
DROP TABLE IF EXISTS `grade`;
CREATE TABLE `grade` (
  `examineeId` char(32) NOT NULL DEFAULT '',
  `ppositionId` char(32) NOT NULL DEFAULT '',
  `gradeScore` int(11) DEFAULT NULL,
  `gradeFullmark` int(11) DEFAULT NULL,
  PRIMARY KEY (`examineeId`,`ppositionId`),
  KEY `ppositionId` (`ppositionId`),
  CONSTRAINT `grade_ibfk_1` FOREIGN KEY (`examineeId`) REFERENCES `examinee` (`examineeId`) ON DELETE CASCADE ON UPDATE CASCADE,
  CONSTRAINT `grade_ibfk_2` FOREIGN KEY (`ppositionId`) REFERENCES `pposition` (`ppositionId`) ON DELETE CASCADE ON UPDATE CASCADE
) ENGINE=InnoDB DEFAULT CHARSET=utf8;

-- ----------------------------
-- Records of grade
-- ----------------------------
INSERT INTO `grade` VALUES ('5', '5BB9DB79592A47EEA2C236028F5FCDBE', '0', '15');

-- ----------------------------
-- Table structure for `hr`
-- ----------------------------
DROP TABLE IF EXISTS `hr`;
CREATE TABLE `hr` (
  `hrId` char(32) NOT NULL,
  `hrName` varchar(50) NOT NULL,
  `hrPassword` varchar(50) NOT NULL,
  PRIMARY KEY (`hrId`)
) ENGINE=InnoDB DEFAULT CHARSET=utf8;

-- ----------------------------
-- Records of hr
-- ----------------------------
INSERT INTO `hr` VALUES ('1', '李英', '123');
INSERT INTO `hr` VALUES ('10', '黄康', '123');
INSERT INTO `hr` VALUES ('11', '周可', '123');
INSERT INTO `hr` VALUES ('1111', '胡少颖', '123');
INSERT INTO `hr` VALUES ('12', '朱彤', '123');
INSERT INTO `hr` VALUES ('120705', '杨博', '123');
INSERT INTO `hr` VALUES ('13', '张盼', '123');
INSERT INTO `hr` VALUES ('136464', '张瑞超', '123');
INSERT INTO `hr` VALUES ('14', '王娜', '123');
INSERT INTO `hr` VALUES ('15', '王锦', '123');
INSERT INTO `hr` VALUES ('16', '任冰', '123');
INSERT INTO `hr` VALUES ('17', '白宁', '123');
INSERT INTO `hr` VALUES ('18', '毛辉', '123');
INSERT INTO `hr` VALUES ('19', '苏中葵', '123');
INSERT INTO `hr` VALUES ('2', '陈敬刚', '123');
INSERT INTO `hr` VALUES ('20', 'wilson', '123');
INSERT INTO `hr` VALUES ('3', '王欢', '123');
INSERT INTO `hr` VALUES ('4', '卞治渊', '123');
INSERT INTO `hr` VALUES ('5', '盛玉', '123');
INSERT INTO `hr` VALUES ('7', '陈玲玲', '123');
INSERT INTO `hr` VALUES ('8', '徐晓宇', '123');
INSERT INTO `hr` VALUES ('9', '李兰', '123');

-- ----------------------------
-- Table structure for `pposition`
-- ----------------------------
DROP TABLE IF EXISTS `pposition`;
CREATE TABLE `pposition` (
  `ppositionId` char(32) NOT NULL,
  `ppositionName` varchar(50) NOT NULL,
  `testruleId` char(32) NOT NULL,
  PRIMARY KEY (`ppositionId`),
  KEY `testruleId` (`testruleId`),
  CONSTRAINT `pposition_ibfk_1` FOREIGN KEY (`testruleId`) REFERENCES `testrule` (`testruleId`) ON DELETE CASCADE ON UPDATE CASCADE
) ENGINE=InnoDB DEFAULT CHARSET=utf8;

-- ----------------------------
-- Records of pposition
-- ----------------------------
INSERT INTO `pposition` VALUES ('10DA0566722C45DEAFC35ABC6D2676B6', 'C', '52BFF2F05072436680DADAA0EFCF5C22');
INSERT INTO `pposition` VALUES ('10F7317385DA4F64B4B2CFCBE2D7DCDF', '数据结构', '9A0E237E2FEF4A1EAF462AF4AF899A93');
INSERT INTO `pposition` VALUES ('4226D31DA49941F28A27EA42115BF83A', '软件测试', '52BFF2F05072436680DADAA0EFCF5C22');
INSERT INTO `pposition` VALUES ('5BB9DB79592A47EEA2C236028F5FCDBE', 'Java', '88958ED317C148B98539FD622BB49D47');

-- ----------------------------
-- Table structure for `test`
-- ----------------------------
DROP TABLE IF EXISTS `test`;
CREATE TABLE `test` (
  `testId` char(32) NOT NULL,
  `testSubject` varchar(500) NOT NULL,
  `testtypeId` char(32) NOT NULL,
  `testScore` int(11) NOT NULL,
  PRIMARY KEY (`testId`),
  KEY `testtypeId` (`testtypeId`),
  CONSTRAINT `test_ibfk_1` FOREIGN KEY (`testtypeId`) REFERENCES `testtype` (`testtypeId`) ON DELETE CASCADE ON UPDATE CASCADE
) ENGINE=InnoDB DEFAULT CHARSET=utf8;

-- ----------------------------
-- Records of test
-- ----------------------------
INSERT INTO `test` VALUES ('01B84D33B69140C98D20F468558780AC', '设x=40 则y=（++x）+1和y=（x++）+1的结果，使y分别为(    )', 'Java', '1');
INSERT INTO `test` VALUES ('0238A72F402940F69E2F5934090140CF', 'JDK是(   )', 'Java', '1');
INSERT INTO `test` VALUES ('04B8F0B3ECAE4FA2A6FF96A78D0A96A3', '有关线程的哪些叙述是错误的（ ）', 'Java', '1');
INSERT INTO `test` VALUES ('058CC088C51643319EB5CF28EBF2A028', '下面描述中，不正确的是(  )', 'F09BB52D4B534A5EB2D6F565C0B91F5D', '1');
INSERT INTO `test` VALUES ('077612B6EA3440699DFE149D2BA6E107', '整型数据类型中，需要内存空间最少的是（ ）', 'Java', '1');
INSERT INTO `test` VALUES ('0A077F0D1372466E8A0764DA16F3E682', '能用来修饰interface的是（）', 'Java', '1');
INSERT INTO `test` VALUES ('0B5510E6F9604195AC25F81648A49510', '栈和队列的共同点是（ ）', '数据结构', '1');
INSERT INTO `test` VALUES ('0E63DB8E769E4D5A9ED508253F035B81', '以下不属于算法基本特征的是(  )', 'F09BB52D4B534A5EB2D6F565C0B91F5D', '1');
INSERT INTO `test` VALUES ('0F36C98C8C0C40B7919A06B2923115A4', '下列描述中，哪些符合Java语言的特征（）', 'Java', '1');
INSERT INTO `test` VALUES ('138CFE864A6D45F5A82B058A1F18DCB1', 'C语言要从main（）开始执行，所以这个函数要写在（）', 'F09BB52D4B534A5EB2D6F565C0B91F5D', '1');
INSERT INTO `test` VALUES ('13D9D809562846318B7C25780B62313E', '下列不可作为java语言修饰符的是（ ）', 'Java', '1');
INSERT INTO `test` VALUES ('15143A0CE12C4DA38946420C4E693F8B', '在C语言中，负整数在内存中以（   ）形式释放', 'F09BB52D4B534A5EB2D6F565C0B91F5D', '1');
INSERT INTO `test` VALUES ('1619038D22A04CADA8FC8C1E8871346F', '在Java的基本数据类型中，int型数据占用()字节内存空间', 'Java', '1');
INSERT INTO `test` VALUES ('16225D41E79241CD9DB1740919A12E68', 'Java 类可以作为（ ）', 'Java', '1');
INSERT INTO `test` VALUES ('1656506BAC974557A56AB67ADBAA2445', '线性表的链式存储结构，其地址（）', '数据结构', '1');
INSERT INTO `test` VALUES ('171B06FC59BF41EC873CF40F9ADD7A71', '有数组定义：int a[]={0,1,2,3,4,5,6};<br>，则a数组的数组元素个数为()', 'Java', '1');
INSERT INTO `test` VALUES ('173A511CF062463A9F898A4536E53771', '土豆比西红柿便宜，我的钱不够买两斤土豆。所以（）', '逻辑思维', '1');
INSERT INTO `test` VALUES ('1751B8A8994442DA937EB5530F188990', '黑格尔说,割下来的手就不是真正的人手了。这句话表达的哲学道理是（ ）', 'FFE2942532DB478B9EF2664D95E91B49', '1');
INSERT INTO `test` VALUES ('188EDFFAF6034C19820E0EE01428545B', 'What is the name of the JDK program that processes Javadoc comments?', 'Java', '1');
INSERT INTO `test` VALUES ('1943E6026B624B2C8A2524BD845466B3', '人们先设计图纸，然后根据图纸施工建成大楼，这说明（   ）', 'FFE2942532DB478B9EF2664D95E91B49', '1');
INSERT INTO `test` VALUES ('1A9C2087477E4F83BDCFABE4EABC5868', '关于线程设计，下列描述正确的是（）', 'Java', '1');
INSERT INTO `test` VALUES ('1CE1A4730B3542EFBB3A45DCAEEDF6D0', '下列语句哪一个正确（）', 'Java', '1');
INSERT INTO `test` VALUES ('1D6B2CC751944D80A60EE56B5F8ABDB3', '否定之否定规律揭示的事物发展的辩证形式是（）', 'FFE2942532DB478B9EF2664D95E91B49', '1');
INSERT INTO `test` VALUES ('1EC58991202F40999AA4A60D26265F26', '设有整型变量x,单精度变量y=5.5，表达式x=float(y*3+((int)y%4))执行后，x的值为（   ）', 'F09BB52D4B534A5EB2D6F565C0B91F5D', '1');
INSERT INTO `test` VALUES ('1EE7F53BBE9146DE82B733676A299FE5', '荀子说“不积跬步无以至千里，不积细流无以成江河”这说明（ ）', 'FFE2942532DB478B9EF2664D95E91B49', '1');
INSERT INTO `test` VALUES ('22D145F6B1D84F34A4E7E2CCE7D404E9', '就意识的能动性而言，“人的意识不仅反映客观世界，而且创造客观世界\"，这种观点（）', 'FFE2942532DB478B9EF2664D95E91B49', '1');
INSERT INTO `test` VALUES ('2492FD6FE29540F18BFE0A597798D3D8', '若变量a已说明为float类型，则能实现将a中的数值保留小数点后两位，第三位进行四舍五入运算的表达式是（   ）', 'F09BB52D4B534A5EB2D6F565C0B91F5D', '1');
INSERT INTO `test` VALUES ('254400E085D0429B810CE0A24212B058', '没有革命的理论，就没有革命的行动\"这句话说明的哲学道理是（  ）', 'FFE2942532DB478B9EF2664D95E91B49', '1');
INSERT INTO `test` VALUES ('288AB854D1AA4EDF9332AB85B523CB44', '（）是构成C语言的基本单位', 'F09BB52D4B534A5EB2D6F565C0B91F5D', '1');
INSERT INTO `test` VALUES ('29CC07451D9941DE8C97FF67AAC58EAF', '有关Java语言的说法中，哪种是错误的（  ）', 'Java', '1');
INSERT INTO `test` VALUES ('2C69F9D19AFC4F598C8823BB076008E1', '在下列几种排序方法中，要求内存量最大的是( )', '数据结构', '1');
INSERT INTO `test` VALUES ('341FE26EAB2E4C848AF6DB802EA41710', '关于sleep()和wait()，以下描述错误的一项是（ ）', 'Java', '1');
INSERT INTO `test` VALUES ('3435201EA8064B4AB92DBE633DC7F79C', '在创建对象时必须（ ）', 'Java', '1');
INSERT INTO `test` VALUES ('373F98A890FD49F0A3C12372CA02841B', '下列不正确的标识符是（ ）', 'F09BB52D4B534A5EB2D6F565C0B91F5D', '1');
INSERT INTO `test` VALUES ('380CEBF036684A8E961D811E19FE7944', '对于构造方法，下列叙述正确的是()', 'Java', '1');
INSERT INTO `test` VALUES ('448C99C6EF9D4A079A7294588A93670F', '关于异常(Exception)，下列描述不正确的是（ ）', 'Java', '1');
INSERT INTO `test` VALUES ('44FC84D7AB3743EB88DDD4F938952B53', '“沉舟侧畔千帆过，病树前头万木春”；“芳林新叶催陈叶，流水前波让后波”。这两句诗句含的哲学道理是()', 'FFE2942532DB478B9EF2664D95E91B49', '1');
INSERT INTO `test` VALUES ('4581D6CFCE0E486DAF1D9EE53F6A9059', '1', 'F09BB52D4B534A5EB2D6F565C0B91F5D', '1');
INSERT INTO `test` VALUES ('4767FF6079EC4F5684272222B9A5014E', '在计算机中，算法是指( )', '数据结构', '1');
INSERT INTO `test` VALUES ('47FD853D6EB14AB99006975BF33EFF20', 'Java是从（）语言改进重新设计', 'Java', '1');
INSERT INTO `test` VALUES ('49E69C21C3C948518EE77924C3AFE308', '以下描述中不正确的是(  )', 'F09BB52D4B534A5EB2D6F565C0B91F5D', '1');
INSERT INTO `test` VALUES ('4C8A92F09770470AB05E9187809859BF', '程序设计一般包含以下四个步骤，其中其中首先应该完成的是(  )', 'F09BB52D4B534A5EB2D6F565C0B91F5D', '1');
INSERT INTO `test` VALUES ('4F6BD8B575FE43348E456DFF7DA54C84', '“拔苗助长”的事例是 (   )', 'FFE2942532DB478B9EF2664D95E91B49', '1');
INSERT INTO `test` VALUES ('5059BDF5503A40E29E7EE88AE114CE1C', '下列常见的系统定义的异常中,()是数组下标越界异常。', 'Java', '1');
INSERT INTO `test` VALUES ('57D74F58918D48008123B6E44813C762', '以下()可能包含菜单条', 'Java', '1');
INSERT INTO `test` VALUES ('5838354BEF844A18828E1D774FF5889D', '以下哪个方法用于定义线程的执行体？（）', 'Java', '1');
INSERT INTO `test` VALUES ('5A1104861920498099D9EEFA30451D59', 'C语言从（）开始执行', 'F09BB52D4B534A5EB2D6F565C0B91F5D', '1');
INSERT INTO `test` VALUES ('5AAE7BF5C777471490E083EA9976637F', '下列符号中，不属于转义字符的是（ ）', 'F09BB52D4B534A5EB2D6F565C0B91F5D', '1');
INSERT INTO `test` VALUES ('5AEE769873E24B7F852B85B81E18BC88', 'A Java identifier may begin with all but which of the following? ', 'Java', '1');
INSERT INTO `test` VALUES ('5E7E1D6B7660451DAA155E00AD4D8009', '已知表达式 int m [ ] = {0，1，2，3，4，5，6}；下面哪个表达式的值与数组下标量总数相等？（ ）', 'Java', '1');
INSERT INTO `test` VALUES ('5EB45DADA23E4DBBAA8C2C90D27AFD02', 'In the context of Java programming, garbage collection refers to ', 'Java', '1');
INSERT INTO `test` VALUES ('60F51033975B40E0BCF476719D549147', '已知一个引用类型变量myvar指向了一个流对象，在程序中出现了如下语句：myvar.flush();<br> myvar.close(); 则myvar所指向的对象一定是（）', 'Java', '1');
INSERT INTO `test` VALUES ('655BE491ECC0499697B13588735DBC35', 'Java语言具有许多优点和特点，哪个反映了Java程序并行机制的特点？（ ）', 'Java', '1');
INSERT INTO `test` VALUES ('65E5DAA4CB3243D9ABACCF7072AD94B1', '下列()关键字通常用来给对象进行加锁，该标记使得对对象的访问是排他的', 'Java', '1');
INSERT INTO `test` VALUES ('67A05F67F8F04CFABF5C65792C9BD10E', 'C语言中，逻辑“真”等价于（   ）', 'F09BB52D4B534A5EB2D6F565C0B91F5D', '1');
INSERT INTO `test` VALUES ('6821D93FC9544B0796A796B571E6ADFC', '下列说法正确的有（）', 'Java', '1');
INSERT INTO `test` VALUES ('6923D0C9BBE3476D9B2EBF7A3F0DFC07', 'Which of the following is a valid character literal in Java?', 'Java', '1');
INSERT INTO `test` VALUES ('717C4B48997C406C95828CD50327CB3B', '关于运算符>>和>>>描述正确的是（ ）', 'Java', '1');
INSERT INTO `test` VALUES ('71FB60CBE1E7417CA13D0B5B44A2363B', 'How many lines of output will be produced by the following code fragment? \nfor (int i = 0; i < 4; ++i) {for (int j = 1; j < 3 ; ++j){stdOut.println(i + j);', 'Java', '1');
INSERT INTO `test` VALUES ('72167F5A5E3343829C90C081231D42FE', '下列不属于软件调试技术的是（）', '数据结构', '1');
INSERT INTO `test` VALUES ('72845B94F4894850BE7A5F6AE4EBC3C2', '下列说法正确的是（）', 'Java', '1');
INSERT INTO `test` VALUES ('72FDD8E60AE041CB9F30B27ED94678B0', '下面描述中，正确的是(  ) ', 'F09BB52D4B534A5EB2D6F565C0B91F5D', '1');
INSERT INTO `test` VALUES ('735CD27D3E584C6B804770E54B97FE58', '“马克思主义的最本质的东西，马克思主义的活的灵魂：具体地分析具体情况”。这就是要人们在实践中学会运用（  ）', 'FFE2942532DB478B9EF2664D95E91B49', '1');
INSERT INTO `test` VALUES ('745FD679010943FBAD3659395A64B483', '指针变量a所指的字符串长度为（   ）。  Char*a=‖\n‖My Name is ‖Zhang Li‖\n‖;', 'F09BB52D4B534A5EB2D6F565C0B91F5D', '1');
INSERT INTO `test` VALUES ('7687DFA4030B454D847E44ECAE51B290', '软件测试', 'F09BB52D4B534A5EB2D6F565C0B91F5D', '2');
INSERT INTO `test` VALUES ('7850A32B1AA442F58640F714DB5FFE9D', '提供Java存取数据库能力的包是（）', 'Java', '1');
INSERT INTO `test` VALUES ('78A5DB6A814F44F59623CDAEC3823F50', '仔细观察数列的排列推理,从四个选项中选择你认为最合理的一项，使之符合排列规律。4 2 12 28 80（ ）', '逻辑思维', '1');
INSERT INTO `test` VALUES ('7B69E132838F412FA3142A11916A94EE', '若x为float型变量，则以列程序段结果是（   ）x=1234.6789; printf(―%-2.1f‖,x); ', 'F09BB52D4B534A5EB2D6F565C0B91F5D', '1');
INSERT INTO `test` VALUES ('7F30637693BD484FA462377746A67DE7', '以下(  )是面向过程的程序设计语言', 'F09BB52D4B534A5EB2D6F565C0B91F5D', '1');
INSERT INTO `test` VALUES ('7F70F2B0A3F54AA99F4D0F73205286B8', 'MAX_LENGTH 是int 型public 成员变量，变量值保持为常量100，用简短语句定义这个变量（）', 'Java', '1');
INSERT INTO `test` VALUES ('80518A760F40499BBD7E07AFE2F20259', '设有下面两个类的定义：class Person{long id;String name;<br>}\nclass Student extends Person{int score;<br>int getScore(){return score;<br>}}\n则类Person和类Student的关系是()', 'Java', '1');
INSERT INTO `test` VALUES ('81658A0CB3EE4641AB37E2FD94B9B72B', '某班44人，从A、B、C、D、E五位候选人中选取班长。A得选票23张，B得选票占第二位，C、D得票相同，E选票最少，得4票，那么B得选票（   ）张', '逻辑思维', '1');
INSERT INTO `test` VALUES ('82997198CE05438C922AC232F1168B25', '以下哪个方法用于定义线程的执行体？ （    ）', 'Java', '1');
INSERT INTO `test` VALUES ('84796E630D724EFDAE5C09BEC6311EB4', 'Java application中的主类需包含main方法，main方法的返回类型是什么？（   ）', 'Java', '1');
INSERT INTO `test` VALUES ('8515D9678D2748E19681BBDD62C2EED8', '这条街上的商店几乎没有霓虹灯，但这些商店都有遮蓬。所以()', '逻辑思维', '1');
INSERT INTO `test` VALUES ('8528BA1F90184752B041C33643589415', '在使用interface声明一个接口时，只可以使用（)修饰符修饰该接口', 'Java', '1');
INSERT INTO `test` VALUES ('86DBAFA5E62B4892A7E8AC38926BB72A', '下面有关Java线程的说法正确的是（）', 'Java', '1');
INSERT INTO `test` VALUES ('87B520A0551547AEA3B332D9CA61E01F', 'Character流与Byte流的区别是（ ）', 'Java', '1');
INSERT INTO `test` VALUES ('884117F255F4409F9C71883C162CFF1F', 'The primitive floating-point types available in Java are （） and （）', 'Java', '1');
INSERT INTO `test` VALUES ('8A1793B494214B4B9D19CE14F6FCD7BA', '否定之否定规律揭示的事物发展的辩证内容是（ ）', 'FFE2942532DB478B9EF2664D95E91B49', '1');
INSERT INTO `test` VALUES ('8D4728BBB1584E91AFB503E4E1FDBE4A', '是C语言提供的合法关键字的是（ ）', 'F09BB52D4B534A5EB2D6F565C0B91F5D', '1');
INSERT INTO `test` VALUES ('8EC35697350242C5924DF82C911FD6A4', '下列()是创建一个标识有“OK”的按钮的语句', 'Java', '1');
INSERT INTO `test` VALUES ('8F1013052952436F9CD91D64F9538B8F', '不合法的整数是（   ）', 'F09BB52D4B534A5EB2D6F565C0B91F5D', '1');
INSERT INTO `test` VALUES ('8F6F59720606466E8C50744D0B24A0EC', '下例说法错误的是（）', 'F09BB52D4B534A5EB2D6F565C0B91F5D', '1');
INSERT INTO `test` VALUES ('9010BBAAB35544649A0AA62B717D0F9C', '有一段java 应用程序，它的主类名是a1，那么保存它的源文件名可以是（ ）', 'Java', '1');
INSERT INTO `test` VALUES ('926835D9802342359646FE1B38440117', '由甲地到乙地有一条线路的巴士，全程行驶时间为42分钟，到达总站后，司机至少休息10分钟，巴士就调头行驶.如果这条线路甲、乙两边总站每隔8分钟都发一辆（不必是同一时间），则这条线路至少需多少辆巴士？', '逻辑思维', '1');
INSERT INTO `test` VALUES ('958509C9842842969478D7F430E34E76', '定义a为整型，下列表达式a=3>6的运行后，a的值为（   ）', 'F09BB52D4B534A5EB2D6F565C0B91F5D', '1');
INSERT INTO `test` VALUES ('970B57E6CFA544E4A144F7FB11D2D963', '将长度为n的单链表连接到长度为m的单链表后的算法时间复杂度为（）', '数据结构', '1');
INSERT INTO `test` VALUES ('9A8AB28B6ED343ACA017E5448C271526', '欲构造ArrayList类得一个实例，此类继承了List接口，下列哪个方法是正确的（）', 'Java', '1');
INSERT INTO `test` VALUES ('9C36B16AB66F47E8952ADAEAD93B7DE3', '列叙述中，不属于软件需求规格说明书的作用的是（）', '数据结构', '1');
INSERT INTO `test` VALUES ('9E0690F3D20F4519BC7307502506CC04', '已知字母a的ASC||的十进制代码为97，则执行下列语句后输出为（   ） Char a=‘a’;<br>a--;printf(―%d,%c\n‖,a+‘2’-‘0’,a+‘3’-‗0‘);', 'F09BB52D4B534A5EB2D6F565C0B91F5D', '1');
INSERT INTO `test` VALUES ('9E10B8B1ED3643E7A6DB3D782DBDEC8D', '下列合法的字符常量是（   ）', 'F09BB52D4B534A5EB2D6F565C0B91F5D', '1');
INSERT INTO `test` VALUES ('9ED83098BC554710BBDD25FB2880909B', '有球迷喜欢所有参赛球队。如果上述断定为真，则以下哪项不可能为真？', '逻辑思维', '1');
INSERT INTO `test` VALUES ('9F3CDEB358834ACABB859CD6D7660853', '若有以下的说明语句，则对字符串中字符的不正确引用是（其中0<=i<6）(   )Char*strp=“string”;', 'F09BB52D4B534A5EB2D6F565C0B91F5D', '1');
INSERT INTO `test` VALUES ('A5DD28E362E94FA78E9960B43DCC2A5D', '以下不是C语言的特点的是（ ）', 'F09BB52D4B534A5EB2D6F565C0B91F5D', '1');
INSERT INTO `test` VALUES ('A647773A66B843A495EF728249CDF1DC', '如果你突然停车，那么跟在后面的一辆卡车将撞上你；如果你不这样做，你将撞到一个妇女。所以（）', '逻辑思维', '1');
INSERT INTO `test` VALUES ('AEDB76FED7334000977E2C7755DE5396', '下列语句作为划分，正确的是（　）', '逻辑思维', '1');
INSERT INTO `test` VALUES ('AF2F1F0A840A4B12A7AD6DF354A0479B', '庄子说：“是亦彼也，彼亦是也”。这个命题的哲学思想是（ ）', 'FFE2942532DB478B9EF2664D95E91B49', '1');
INSERT INTO `test` VALUES ('B5BCC2951831475DBEBEB8EC9C9A1B18', '“人不能两次踏进同一条河流\"和“人一次也不能踏进同一条河流\"这两种观点是（   ）', 'FFE2942532DB478B9EF2664D95E91B49', '1');
INSERT INTO `test` VALUES ('B6BB7B4C9A524506957E430A450579DB', '下声明合法的是（）', 'Java', '1');
INSERT INTO `test` VALUES ('BBE7EC3152D94BB395ABBC6386DD4006', '下列语句中，符合语法的语句式（   ）', 'F09BB52D4B534A5EB2D6F565C0B91F5D', '1');
INSERT INTO `test` VALUES ('BFDBE8B6706D485F92A11B0C715BC597', '已知二叉树后序遍历序列是dabec，中序遍历序列是debac，它的前序遍历序列是( )', '数据结构', '1');
INSERT INTO `test` VALUES ('C0A2632CFFE64BD79A3248A7A0D7CE3A', '在x值处于-2到2，4到8时值为“真”，否则为“假”的表达式是（   ）', 'F09BB52D4B534A5EB2D6F565C0B91F5D', '1');
INSERT INTO `test` VALUES ('C142E43B80554EDD8678A710056322A5', '下列语句中错误的是（   ）', 'F09BB52D4B534A5EB2D6F565C0B91F5D', '1');
INSERT INTO `test` VALUES ('C528AECE919745249CDE38437F8A8849', '编号为1至10的十个果盘中，每盘都盛有水果，共盛放100个。其中第一盘里有16个，并且编号相邻的三个果盘中水果数的和都相等，求第8盘中水果最多可能有几个。', '逻辑思维', '1');
INSERT INTO `test` VALUES ('C63286029D194D1ABB9A2BDAF3FCEEA9', '下列字符序列中，不可用作C语言标识符的是（ ）', 'F09BB52D4B534A5EB2D6F565C0B91F5D', '1');
INSERT INTO `test` VALUES ('C8024F8213E743CCB0C16BEFFAED20BB', '在设计程序时，应采纳的原则之一是（）', '数据结构', '1');
INSERT INTO `test` VALUES ('C82F33A6C1714295A2FAA56584A0E4AA', '列宁的物质定义揭示物质的唯一特性是（  ）', 'FFE2942532DB478B9EF2664D95E91B49', '1');
INSERT INTO `test` VALUES ('C96A7A3D937E4938B8A5E1F82068DFEF', '在C语言中，要求参加运算的数必须是整数的运算符是（   ）', 'F09BB52D4B534A5EB2D6F565C0B91F5D', '1');
INSERT INTO `test` VALUES ('C9A3E5B57AC04D22BFA9CB0CC94D2337', 'How many bytes are required to represent a Unicode character?', 'Java', '1');
INSERT INTO `test` VALUES ('CD6E1FD77E00441A876BC2A111130595', '不属于C语言关键字的是( )', 'F09BB52D4B534A5EB2D6F565C0B91F5D', '1');
INSERT INTO `test` VALUES ('CF2F8529E42F48C2AFCF8C70E6154260', '以下常用算法中适合计算等差级数的算法是(  )', 'F09BB52D4B534A5EB2D6F565C0B91F5D', '1');
INSERT INTO `test` VALUES ('CFC00DF44997400DBDE070EB19017AE0', '设C语言中，int类型数据占2个字节，则long类型数据占（   ）个字节', 'F09BB52D4B534A5EB2D6F565C0B91F5D', '1');
INSERT INTO `test` VALUES ('D08B3C65D4B94245BEE9B96A650D14F8', 'Which of the following patterns of characters opens a Javadoc comment block?', 'Java', '1');
INSERT INTO `test` VALUES ('D09126EDA7084B8A8A822B560D24BAAD', '下面四个选项中，合法的标识符是( )', 'F09BB52D4B534A5EB2D6F565C0B91F5D', '1');
INSERT INTO `test` VALUES ('D11BFB54265140D5BA3715C0EB93B632', '只要诊治准确并且抢救及时，那么这个病人就不会死亡。现在这个病人不幸死亡了。如果上述断定是真的，以下哪项也一定是真的? ', '逻辑思维', '1');
INSERT INTO `test` VALUES ('D2948A60C14B497F9F6D5DB25A7FFCAA', 'The term class variable is a synonym for（）', 'Java', '1');
INSERT INTO `test` VALUES ('D53767526A834DCFBBC32BBF9DE37485', 'N－S图与传统流程图比较，主要优点是(  )', 'F09BB52D4B534A5EB2D6F565C0B91F5D', '1');
INSERT INTO `test` VALUES ('D7D5D656389E41FEBA2927E6504CC8A7', '在调用方法时，若要使方法改变实参的值，可以（ ）', 'Java', '1');
INSERT INTO `test` VALUES ('DA774172FC2948BEA04C0DA0D017F682', '提供Java存取数据库能力的包是（） ', 'Java', '1');
INSERT INTO `test` VALUES ('DE20AB529D0240E28893C53A47BFFE7B', '庆祝建国周年，接受检阅的一列彩车车队共52辆，每辆车长4米，前后每辆车相隔6米，车队每分行驶105米。这列车队要通过536米长的检阅场地，需要多少分？', '逻辑思维', '1');
INSERT INTO `test` VALUES ('DEAFAE70356B4104A99BBED309C25762', 'Thread类的方法中，toString()方法的作用是 ', 'Java', '1');
INSERT INTO `test` VALUES ('DF1C183F37C64027BA2ACC5F2F99B284', '设有下面的两个类定义：class A{void show(){System.out.print(\"AA\");<br>}}class B extends A{void show(){System.out.print(\"BB\");<br>}}则顺序执行如下语句后输出的结果为()A a=new A();B b=new B();', 'Java', '1');
INSERT INTO `test` VALUES ('E39D961D8E6E4F2582E28535E3064314', '设数组Array由以下语句定义:int Array=new int[10]，  则数组最后一个元素的正确引用方法为(     )', 'Java', '1');
INSERT INTO `test` VALUES ('E64BC2DAC61F402FAC5FA11116581D60', '现已定义整形变量int i=1;执行循环语句while(i++<5);后i的值为（   ）', 'F09BB52D4B534A5EB2D6F565C0B91F5D', '1');
INSERT INTO `test` VALUES ('E83DE178CAAC4C0582523B0C7FADD322', '思维与存在的关系问题是（  ）', 'FFE2942532DB478B9EF2664D95E91B49', '1');
INSERT INTO `test` VALUES ('E8D22294BAE946B8AAC2AF8B3115A032', '设有数组定义：<br>int a[]={1,2,3,4};<br>int s=0;<br>for(int i=0;<br>i<a.length;<br>i++)s+=a[i];<br>\nSystem.out.println(s);<br>则顺序执行上述几个语句后的输出结果为', 'Java', '1');
INSERT INTO `test` VALUES ('EBFECD64B4A64E8DB437A963B15D49E8', '唯物辩证法的根本方法是（ ）', 'FFE2942532DB478B9EF2664D95E91B49', '1');
INSERT INTO `test` VALUES ('ED4C8181D3E148B3B73306458F36CFDD', '下列运算符合法的是（） ', 'Java', '1');
INSERT INTO `test` VALUES ('F0373FE28D4641D18D3B0BD3D16B6FF5', '对于条件表达式（M）?(a++):(a--),其中的表达式M等价于（   ）', 'F09BB52D4B534A5EB2D6F565C0B91F5D', '1');
INSERT INTO `test` VALUES ('FB25D1F173E84DC1A7064EF14D6C8872', 'C语言程序是由()构成的', 'F09BB52D4B534A5EB2D6F565C0B91F5D', '1');
INSERT INTO `test` VALUES ('FBE1096C76444FF0B7CB5E8EC8485168', '视图设计一般有3种设计次序，下列不属于视图设计的是（）', '数据结构', '1');
INSERT INTO `test` VALUES ('FF243F95E4FA458F8549A3C5491F2B0F', '方法resume()负责恢复哪些线程的执行（ ）', 'Java', '1');

-- ----------------------------
-- Table structure for `testitem`
-- ----------------------------
DROP TABLE IF EXISTS `testitem`;
CREATE TABLE `testitem` (
  `testitemId` char(32) NOT NULL,
  `testitemContent` varchar(500) NOT NULL,
  `testitemState` int(11) DEFAULT NULL,
  `testId` char(32) NOT NULL,
  PRIMARY KEY (`testitemId`),
  KEY `testId` (`testId`),
  CONSTRAINT `testitem_ibfk_1` FOREIGN KEY (`testId`) REFERENCES `test` (`testId`) ON DELETE CASCADE ON UPDATE CASCADE
) ENGINE=InnoDB DEFAULT CHARSET=utf8;

-- ----------------------------
-- Records of testitem
-- ----------------------------
INSERT INTO `testitem` VALUES ('000A0F240703498993A250BC32975352', '任何对象都有wait()方法', '1', '86DBAFA5E62B4892A7E8AC38926BB72A');
INSERT INTO `testitem` VALUES ('00837D0B87A1472C9630DF06AAD11F65', '十进制数', '0', '15143A0CE12C4DA38946420C4E693F8B');
INSERT INTO `testitem` VALUES ('00F39949E86B40079A2E166D1647FCF7', 'automatic balancing of parenthesis performed by some editors', '0', '5EB45DADA23E4DBBAA8C2C90D27AFD02');
INSERT INTO `testitem` VALUES ('010E65921B1B436D9BBF241A76B816AF', '既肯定又否定', '0', '8A1793B494214B4B9D19CE14F6FCD7BA');
INSERT INTO `testitem` VALUES ('017FA5BB80ED4038A4BA7FA931A5B3BB', '支持跨平台(Windows,Linux,Unix等)', '1', '0F36C98C8C0C40B7919A06B2923115A4');
INSERT INTO `testitem` VALUES ('01B06C99912A43B882757B4E4F7B3650', '忽视可能性的表现', '0', '4F6BD8B575FE43348E456DFF7DA54C84');
INSERT INTO `testitem` VALUES ('026A6378DCC64D16843FDDEBDDEE0687', '普遍联系的原理', '0', '735CD27D3E584C6B804770E54B97FE58');
INSERT INTO `testitem` VALUES ('038DD453711840E58B78F64AFA42FAF3', '每次读入的字节数不同', '0', '87B520A0551547AEA3B332D9CA61E01F');
INSERT INTO `testitem` VALUES ('052B01E09E534F76A582A9EE383A9E54', '由外向内', '1', 'FBE1096C76444FF0B7CB5E8EC8485168');
INSERT INTO `testitem` VALUES ('0623FA87FEB84804A665185A140A86DF', '通过调用wait()方法而停止的线程', '0', 'FF243F95E4FA458F8549A3C5491F2B0F');
INSERT INTO `testitem` VALUES ('0623FD6CE2DD4DB7A43BA3F6B4450426', '返回线程的字符串信息', '0', 'DEAFAE70356B4104A99BBED309C25762');
INSERT INTO `testitem` VALUES ('0624E4CB5F1440B5801713F9265C24CE', '计算机语言都是形式化的语言，它有一个语法规则和定义', '0', '49E69C21C3C948518EE77924C3AFE308');
INSERT INTO `testitem` VALUES ('075750EB9A374492A1AA0C7DA6B1CB58', '14', '0', '926835D9802342359646FE1B38440117');
INSERT INTO `testitem` VALUES ('08B8BBCF9D4F479EB8A9E88C9618800A', 'Four', '0', 'C9A3E5B57AC04D22BFA9CB0CC94D2337');
INSERT INTO `testitem` VALUES ('0922B6D07D7D4C3894C59DCEA5968B73', '汇编语言', '0', '7F30637693BD484FA462377746A67DE7');
INSERT INTO `testitem` VALUES ('096D58B19A1F41F7958B44AA9094D639', '客观实在性', '1', 'C82F33A6C1714295A2FAA56584A0E4AA');
INSERT INTO `testitem` VALUES ('0994E3B47D65448C90CA0AE9539F2FDE', '减少或取消注解行', '0', 'C8024F8213E743CCB0C16BEFFAED20BB');
INSERT INTO `testitem` VALUES ('09C96AAB4CBA42A39CF51CB2DCF0DB01', '输出格式描述符的域宽度不够，不能输出', '0', '7B69E132838F412FA3142A11916A94EE');
INSERT INTO `testitem` VALUES ('09EF0E0E041F4DF6B663682D5D29C56C', 'List myList = new ArrayList();', '1', '9A8AB28B6ED343ACA017E5448C271526');
INSERT INTO `testitem` VALUES ('0A5BC8E802E04F4FAE1B0D197CF2660F', '取决于计算机字长', '0', '1619038D22A04CADA8FC8C1E8871346F');
INSERT INTO `testitem` VALUES ('0B9AD26258604A35AC093930A22686F1', 'int', '0', 'CD6E1FD77E00441A876BC2A111130595');
INSERT INTO `testitem` VALUES ('0BF27F96A0304B3CBC87B88EC0D2AC10', ',a1', '1', '373F98A890FD49F0A3C12372CA02841B');
INSERT INTO `testitem` VALUES ('0C501920BF194FC09EECB015A82FDED4', '输入流', '0', '60F51033975B40E0BCF476719D549147');
INSERT INTO `testitem` VALUES ('0E1E63B8B5FD46E0A7E1C15DB10C90A9', '\0 ', '0', '5AAE7BF5C777471490E083EA9976637F');
INSERT INTO `testitem` VALUES ('0E2905FCF1784E998FA54C98A99CE95B', 'abc123', '0', 'C63286029D194D1ABB9A2BDAF3FCEEA9');
INSERT INTO `testitem` VALUES ('0E2A352F944E410993521905A3D1ADAB', '归纳演绎方法', '0', 'EBFECD64B4A64E8DB437A963B15D49E8');
INSERT INTO `testitem` VALUES ('0E2F5D1EB38C40B29D9E358514761F6B', '通过调用sleep()方法而停止的线程', '0', 'FF243F95E4FA458F8549A3C5491F2B0F');
INSERT INTO `testitem` VALUES ('0E45EC390B2C4A1683DAF039CE42A605', 'define', '0', 'D09126EDA7084B8A8A822B560D24BAAD');
INSERT INTO `testitem` VALUES ('0E58F315B1094A5B94283FDC941315E1', '不限制goto语句的使用', '0', 'C8024F8213E743CCB0C16BEFFAED20BB');
INSERT INTO `testitem` VALUES ('0EB277DAE4874F238E1C878D080B0378', '1024', '0', 'E8D22294BAE946B8AAC2AF8B3115A032');
INSERT INTO `testitem` VALUES ('0F574E51B18E44DEAEAA8D369F438926', 'a—运算不合法，故有语法错误 ', '0', '9E0690F3D20F4519BC7307502506CC04');
INSERT INTO `testitem` VALUES ('103314263588441AB96370CD7BEFB12B', 'java', '0', '188EDFFAF6034C19820E0EE01428545B');
INSERT INTO `testitem` VALUES ('103904D99C884027827B06B10C917ECD', 'printf(―%d‖,++x,x++);', '0', 'C142E43B80554EDD8678A710056322A5');
INSERT INTO `testitem` VALUES ('114188C8ED164E8FAE47189E3256B10D', 'a=c+b+3=6; ', '0', 'BBE7EC3152D94BB395ABBC6386DD4006');
INSERT INTO `testitem` VALUES ('119E8A5C37E94A2C91B59EB92A3F3CD1', 'int t', '0', '373F98A890FD49F0A3C12372CA02841B');
INSERT INTO `testitem` VALUES ('124FA62437E04CB0BECED887D3731DF6', '10', '1', 'E8D22294BAE946B8AAC2AF8B3115A032');
INSERT INTO `testitem` VALUES ('1292D458D65345448B5EF4464199C120', 'init()', '0', '5838354BEF844A18828E1D774FF5889D');
INSERT INTO `testitem` VALUES ('129EDB8109624D25AF2CC36BB09B3231', '理论是革命工作的出发点', '0', '254400E085D0429B810CE0A24212B058');
INSERT INTO `testitem` VALUES ('13BBFD5EEBE440FBA817362584DD7771', 'byte', '1', '077612B6EA3440699DFE149D2BA6E107');
INSERT INTO `testitem` VALUES ('1400D7A7BBE34A47980B4A0B95C996C3', 'public', '1', '0A077F0D1372466E8A0764DA16F3E682');
INSERT INTO `testitem` VALUES ('150FC5AC32AB4C72B324D856ACABFCDD', '11', '0', 'C528AECE919745249CDE38437F8A8849');
INSERT INTO `testitem` VALUES ('155AB3611C8B4DA49C902CEB1787FFBD', '加工方法', '0', '4767FF6079EC4F5684272222B9A5014E');
INSERT INTO `testitem` VALUES ('161027E122AD4433AE238696B2B51D06', '>>执行无符号左移，>>>执行有符号左移', '0', '717C4B48997C406C95828CD50327CB3B');
INSERT INTO `testitem` VALUES ('16FC85D07E85462384529AA2B42DDC0A', '有些商店有遮蓬没有霓虹灯', '0', '8515D9678D2748E19681BBDD62C2EED8');
INSERT INTO `testitem` VALUES ('17F06141B22D45969C78674F3A6A977D', '_ (the underscore)', '0', '5AEE769873E24B7F852B85B81E18BC88');
INSERT INTO `testitem` VALUES ('186AB08720B2419C9A42E48A2F47CEA9', '程序中第一条可执行的语句', '0', '5A1104861920498099D9EEFA30451D59');
INSERT INTO `testitem` VALUES ('189EB72C8BF645F6818F9A034B789F73', '都是后进先出', '0', '0B5510E6F9604195AC25F81648A49510');
INSERT INTO `testitem` VALUES ('18D69E953CCD4B598044C8B7E6665851', 'int', '0', '84796E630D724EFDAE5C09BEC6311EB4');
INSERT INTO `testitem` VALUES ('190E317754594C578D73F5DE943A0B75', '构造方法的方法名必须与类名相同', '1', '380CEBF036684A8E961D811E19FE7944');
INSERT INTO `testitem` VALUES ('19C35B0F92CE4595A49215619101CB5C', 'removal of Java programs that could cause damage to a system', '0', '5EB45DADA23E4DBBAA8C2C90D27AFD02');
INSERT INTO `testitem` VALUES ('1A0EF78679274454A1E3162D1B73906B', 'C语言移植性好', '1', 'A5DD28E362E94FA78E9960B43DCC2A5D');
INSERT INTO `testitem` VALUES ('1AE35F37806F47A19AC4CB18BC06763E', 'a=(a*100+0.5)/100', '0', '2492FD6FE29540F18BFE0A597798D3D8');
INSERT INTO `testitem` VALUES ('1B098D793B20480F864085DF6E6883D1', 'C++', '1', '47FD853D6EB14AB99006975BF33EFF20');
INSERT INTO `testitem` VALUES ('1B7C70E55A124540A9EA2FA15FE36498', 'an instance variable', '0', 'D2948A60C14B497F9F6D5DB25A7FFCAA');
INSERT INTO `testitem` VALUES ('1C27509270214D64811C8B698C63CF28', 'Java程序经编译后会产生Hash code', '0', '1CE1A4730B3542EFBB3A45DCAEEDF6D0');
INSERT INTO `testitem` VALUES ('1CEB7F2148214150A6E91C93D8EA8C35', '8', '0', 'CFC00DF44997400DBDE070EB19017AE0');
INSERT INTO `testitem` VALUES ('1D5A5BAF88D44CF08CA7C514E8846C87', 'Java程序经编译后会产生DLL', '0', '1CE1A4730B3542EFBB3A45DCAEEDF6D0');
INSERT INTO `testitem` VALUES ('1DA6602E103A4213AC551D6F756A3CB5', '当一个线程因为抢先机制而停止运行，它被放在可运行队列的前面', '0', '04B8F0B3ECAE4FA2A6FF96A78D0A96A3');
INSERT INTO `testitem` VALUES ('2080E3974A9E488FA333C4419D6A6B6F', '_1', '0', '13D9D809562846318B7C25780B62313E');
INSERT INTO `testitem` VALUES ('2138766206C747CEA8008715DF03DEC9', '可靠性', '1', '0E63DB8E769E4D5A9ED508253F035B81');
INSERT INTO `testitem` VALUES ('214D8B272CE14AD3A5D7876C55F4A85A', '包含关系', '0', '80518A760F40499BBD7E07AFE2F20259');
INSERT INTO `testitem` VALUES ('218146425F0A40C4A739C0EC54EE001F', '新事物代替旧事物是事物发展的总趋势', '1', '44FC84D7AB3743EB88DDD4F938952B53');
INSERT INTO `testitem` VALUES ('229F418BDB9A45709133D282BF3CFD9A', '先声明对象，为对象分配内存空间，然后才能使用对象', '0', '3435201EA8064B4AB92DBE633DC7F79C');
INSERT INTO `testitem` VALUES ('235B486CD279494188DAD55DD0488268', '在类方法中只能调用本类中的类方法', '0', '72845B94F4894850BE7A5F6AE4EBC3C2');
INSERT INTO `testitem` VALUES ('2483A1473D7C4E398208BA61BE18A868', '1', '0', '958509C9842842969478D7F430E34E76');
INSERT INTO `testitem` VALUES ('248F6A0B5D94423EA80176ADB99A25E9', ' 查询方法', '0', '4767FF6079EC4F5684272222B9A5014E');
INSERT INTO `testitem` VALUES ('24E45CB4D80A4E0AA1E025945036EAF0', 'javac', '0', '188EDFFAF6034C19820E0EE01428545B');
INSERT INTO `testitem` VALUES ('25A6D103E91E4052BECE7B555852F87D', 'character', '1', 'CD6E1FD77E00441A876BC2A111130595');
INSERT INTO `testitem` VALUES ('27BB1E4DEDF6439399706B1B88F176E0', 'a=(int)(a*100+0.5)/100.0', '1', '2492FD6FE29540F18BFE0A597798D3D8');
INSERT INTO `testitem` VALUES ('27FBAFC337F94C789DF3A54B6C7E5967', '9', '0', 'DE20AB529D0240E28893C53A47BFFE7B');
INSERT INTO `testitem` VALUES ('2858DCC577204F40AC77210D2A30D607', '函数', '1', '288AB854D1AA4EDF9332AB85B523CB44');
INSERT INTO `testitem` VALUES ('28619B478A00489A859B0FE8EE813FAA', 'double', '0', '84796E630D724EFDAE5C09BEC6311EB4');
INSERT INTO `testitem` VALUES ('28E31356F7094DBC83D28F12BFE5EA49', '反码', '0', '15143A0CE12C4DA38946420C4E693F8B');
INSERT INTO `testitem` VALUES ('29C1E02F1C754970AA3DA66564C86CD0', '一个class只能定义一个constructor', '0', '6821D93FC9544B0796A796B571E6ADFC');
INSERT INTO `testitem` VALUES ('2B306B7B11894DCA81374D82BFAD2F38', 'x=sizeof(3.14); ', '0', 'C142E43B80554EDD8678A710056322A5');
INSERT INTO `testitem` VALUES ('2B8E772A23C84773A30F3EB4BDBA6DDC', '若编程人员没在类中定义构造方法，程序将报错', '0', '380CEBF036684A8E961D811E19FE7944');
INSERT INTO `testitem` VALUES ('2BA1FC28D0B44994837DDBBD18C89FE5', 'M!=1', '0', 'F0373FE28D4641D18D3B0BD3D16B6FF5');
INSERT INTO `testitem` VALUES ('2BDBB9EDFE39426596BAC0A424A1EB6F', 'List myList = new List();', '0', '9A8AB28B6ED343ACA017E5448C271526');
INSERT INTO `testitem` VALUES ('2D6FDB21CE3C4703B5C0EB9000933532', '23', '1', '745FD679010943FBAD3659395A64B483');
INSERT INTO `testitem` VALUES ('2D93653BBD7D4B009545A74771A9BB85', 'main()', '0', '5838354BEF844A18828E1D774FF5889D');
INSERT INTO `testitem` VALUES ('2D9C7710E377463F8B8089B98A5FD62E', '唯心主义哲学的基本问题 ', '0', 'E83DE178CAAC4C0582523B0C7FADD322');
INSERT INTO `testitem` VALUES ('2E3EC32FCF09471F8271890E794885E3', 'if', '0', '5AEE769873E24B7F852B85B81E18BC88');
INSERT INTO `testitem` VALUES ('2E77FBB3D65F4DA0BE4F58D83ADFF5B2', 'BBAA', '0', 'DF1C183F37C64027BA2ACC5F2F99B284');
INSERT INTO `testitem` VALUES ('2EC17193B1344ADAA860C08D8CE63357', '一部分哲学的基本问题', '0', 'E83DE178CAAC4C0582523B0C7FADD322');
INSERT INTO `testitem` VALUES ('2FCC20297F9C4C2FB0283FD8D4333721', '面向过程', '0', '0F36C98C8C0C40B7919A06B2923115A4');
INSERT INTO `testitem` VALUES ('305DA65CD4DF427AB8E51E60331CCBFD', 'O（n+m）', '0', '970B57E6CFA544E4A144F7FB11D2D963');
INSERT INTO `testitem` VALUES ('30BC9651AC1B406F906A32A74E6D894A', '设计数据结构和算法', '0', '4C8A92F09770470AB05E9187809859BF');
INSERT INTO `testitem` VALUES ('30D30E25DD6146FD87890327B1AFE9C3', 'javacom', '0', '188EDFFAF6034C19820E0EE01428545B');
INSERT INTO `testitem` VALUES ('30D761DCC8794AA5AF8B4669D6D05E5C', '生物有动物、植物和微生物', '1', 'AEDB76FED7334000977E2C7755DE5396');
INSERT INTO `testitem` VALUES ('31941645EE4145F58E2044BF6B831ABA', '算法就是计算方法', '0', '72FDD8E60AE041CB9F30B27ED94678B0');
INSERT INTO `testitem` VALUES ('3281ABA6D79A42508745923AFAB4989C', '\0xAA', '1', '5AAE7BF5C777471490E083EA9976637F');
INSERT INTO `testitem` VALUES ('3364E6E5B2EC4E1EBB57F887480000C1', '/*', '0', 'D08B3C65D4B94245BEE9B96A650D14F8');
INSERT INTO `testitem` VALUES ('33E1AC2F6EE345E79825807F402CB5C1', 'real, double', '0', '884117F255F4409F9C71883C162CFF1F');
INSERT INTO `testitem` VALUES ('33F44E21E788424D93DB30AF54331D32', 'start()', '0', '5838354BEF844A18828E1D774FF5889D');
INSERT INTO `testitem` VALUES ('341A4D9FB82D4F52A9BAF9D9AD781452', '类型定义机制和数据封装机制', '1', '16225D41E79241CD9DB1740919A12E68');
INSERT INTO `testitem` VALUES ('34C83FF67D934F2CBB7AEDBF13EBF022', '构造方法必须用void申明返回类型', '0', '380CEBF036684A8E961D811E19FE7944');
INSERT INTO `testitem` VALUES ('353F4F4C32DB4E30B222A7B0FEBCF66F', '承认世界的本原是物质的', '0', '1751B8A8994442DA937EB5530F188990');
INSERT INTO `testitem` VALUES ('3555182DBBBC4B56A89F391F953EB19B', '解题方案的准确而完整的描述', '1', '4767FF6079EC4F5684272222B9A5014E');
INSERT INTO `testitem` VALUES ('356700A6226240A8AC980D0EFAAC52F4', '类型定义机制', '0', '16225D41E79241CD9DB1740919A12E68');
INSERT INTO `testitem` VALUES ('3587E8B0ADC443C8A6AB853262F59181', '有效性', '0', '0E63DB8E769E4D5A9ED508253F035B81');
INSERT INTO `testitem` VALUES ('35A9BC2C839B43BFAA4E84173584C6F5', 'synchronized', '1', '65E5DAA4CB3243D9ABACCF7072AD94B1');
INSERT INTO `testitem` VALUES ('36262BE718B744DEB6CFE2FFF74C9D0A', '在类方法中绝对不能调用实例方法', '0', '72845B94F4894850BE7A5F6AE4EBC3C2');
INSERT INTO `testitem` VALUES ('36CFFA9DF7494A70B3DA3F8630FBBD5C', '程序文件中任何位置', '1', '138CFE864A6D45F5A82B058A1F18DCB1');
INSERT INTO `testitem` VALUES ('36FBE46872AC4CF2818FC04B0FC2D2F5', '建立数学模型', '1', '4C8A92F09770470AB05E9187809859BF');
INSERT INTO `testitem` VALUES ('37DEC6E20F664B25A6285017AF493F76', 'Panel', '0', '57D74F58918D48008123B6E44813C762');
INSERT INTO `testitem` VALUES ('38E90D7451544C9BBF875F3277D80792', '6a', '0', 'D09126EDA7084B8A8A822B560D24BAAD');
INSERT INTO `testitem` VALUES ('394D4FA3697C496AA6AAD23DCD17C6CD', '继承关系', '1', '80518A760F40499BBD7E07AFE2F20259');
INSERT INTO `testitem` VALUES ('3A5CAA2F4AB84E6B95EC343FA08145F5', '一年四季，春、夏、秋、冬', '0', 'AEDB76FED7334000977E2C7755DE5396');
INSERT INTO `testitem` VALUES ('3A88D6D5375C4CE2A34FE87F2EA4CD67', 'a+b=3', '0', 'BBE7EC3152D94BB395ABBC6386DD4006');
INSERT INTO `testitem` VALUES ('3AF06C05C67346DA822549ABC2D8DFF4', 'C语言可以直接对硬件操作', '0', 'A5DD28E362E94FA78E9960B43DCC2A5D');
INSERT INTO `testitem` VALUES ('3B5C87D63DFA49C3B4A6D5EA1E6EB991', '41,42', '0', '01B84D33B69140C98D20F468558780AC');
INSERT INTO `testitem` VALUES ('3B817A0E97594A27A843AF85AA3AC8F0', '1', '0', 'CFC00DF44997400DBDE070EB19017AE0');
INSERT INTO `testitem` VALUES ('3BB8ECAA17ED4998AAA19439D2E64311', '原因排除法', '0', '72167F5A5E3343829C90C081231D42FE');
INSERT INTO `testitem` VALUES ('3BC6EA177F70409D89A6B5085C4A29F2', '12', '0', '926835D9802342359646FE1B38440117');
INSERT INTO `testitem` VALUES ('3C5EDADB43804F6DB966AEA903722DF7', 'final int MAX_LENGTH=100;', '0', '7F70F2B0A3F54AA99F4D0F73205286B8');
INSERT INTO `testitem` VALUES ('3C7795FECD994DF7BA470ACBF6BEA8A1', '事物自我发展自我完善过程', '0', '1D6B2CC751944D80A60EE56B5F8ABDB3');
INSERT INTO `testitem` VALUES ('3CA119405BE44222B7A8405215738108', '高级语言', '1', '7F30637693BD484FA462377746A67DE7');
INSERT INTO `testitem` VALUES ('3D215155799049FFAE1C200EB2ACEC51', '非零的整数 ', '0', '67A05F67F8F04CFABF5C65792C9BD10E');
INSERT INTO `testitem` VALUES ('3D6A7BECA9D04812A8AE555BD6229066', '4', '1', 'CFC00DF44997400DBDE070EB19017AE0');
INSERT INTO `testitem` VALUES ('3E5332D88EBD4CE88146943AEC5F81A5', 'C语言程序运行步骤是编辑、编译、连接、执行', '0', '8F6F59720606466E8C50744D0B24A0EC');
INSERT INTO `testitem` VALUES ('3F430CED79304CE783AEA01B196ACB07', '不一定连续', '0', '1656506BAC974557A56AB67ADBAA2445');
INSERT INTO `testitem` VALUES ('3F62A1C1EC2C47CFAB21F4605FC66AC5', '348', '0', '78A5DB6A814F44F59623CDAEC3823F50');
INSERT INTO `testitem` VALUES ('400C846E69D14D338F6C3618848A10B5', 'IOException', '0', '5059BDF5503A40E29E7EE88AE114CE1C');
INSERT INTO `testitem` VALUES ('40A6FBF654A944228613F374A9E035FC', '简单', '0', 'D53767526A834DCFBBC32BBF9DE37485');
INSERT INTO `testitem` VALUES ('40E6AB9311CD4003BBAABCABCDFCEF81', ' sleep暂停线程、但监控状态仍然保持，结束后会自动恢复', '0', '341FE26EAB2E4C848AF6DB802EA41710');
INSERT INTO `testitem` VALUES ('412C2D19B5E14A9BBC1096A842EE5F46', '程序文件的结束', '0', '138CFE864A6D45F5A82B058A1F18DCB1');
INSERT INTO `testitem` VALUES ('4203E0FD53B04929AF598B8DC34447CA', '只允许在断点插入和删除元素', '1', '0B5510E6F9604195AC25F81648A49510');
INSERT INTO `testitem` VALUES ('4266AEF257644611893B66A43655C206', '程序中第一个函数', '0', '5A1104861920498099D9EEFA30451D59');
INSERT INTO `testitem` VALUES ('436DEF98E3F842C2AF81B7E95D6B310F', 'run()', '1', '5838354BEF844A18828E1D774FF5889D');
INSERT INTO `testitem` VALUES ('443C73A83C02416393FEB23449729AE0', 'decab', '0', 'BFDBE8B6706D485F92A11B0C715BC597');
INSERT INTO `testitem` VALUES ('44DE450B26C14A0BA0051F4AD8B4EB3E', '集成测试法', '1', '72167F5A5E3343829C90C081231D42FE');
INSERT INTO `testitem` VALUES ('455F5FF956A142C9BE8DC7807F719942', 'a1 ', '0', '9010BBAAB35544649A0AA62B717D0F9C');
INSERT INTO `testitem` VALUES ('456621087625471795897E6D9DB463C8', 'public  final  static  native  int  w( )', '0', 'B6BB7B4C9A524506957E430A450579DB');
INSERT INTO `testitem` VALUES ('45DA5F817BAC4FBBB44A7F2B744F13C3', 'main函数', '0', 'FB25D1F173E84DC1A7064EF14D6C8872');
INSERT INTO `testitem` VALUES ('46147BAFB3EB4051826A53F7F086CC9D', '关联关系', '0', '80518A760F40499BBD7E07AFE2F20259');
INSERT INTO `testitem` VALUES ('463E98ACED5E4E84B5D49E11155FC8B6', '!', '0', 'C96A7A3D937E4938B8A5E1F82068DFEF');
INSERT INTO `testitem` VALUES ('4698F93C6C294B0A856D8AF08502EBD2', '对这个病人诊治既不准确，抢救也不及时', '0', 'D11BFB54265140D5BA3715C0EB93B632');
INSERT INTO `testitem` VALUES ('469A22A5717540AEB8184812542B37EE', 'x', '0', '9E10B8B1ED3643E7A6DB3D782DBDEC8D');
INSERT INTO `testitem` VALUES ('46A966D926CA47E497E0A0B89B28E711', '程序文件的开始', '0', '138CFE864A6D45F5A82B058A1F18DCB1');
INSERT INTO `testitem` VALUES ('47634B3EF3F3475483415045932456E2', '前者是字符读写，后者是字节读写', '1', '87B520A0551547AEA3B332D9CA61E01F');
INSERT INTO `testitem` VALUES ('47CA84B5CB5D4A3B816CC1EAF9F46D81', 'strp', '1', '9F3CDEB358834ACABB859CD6D7660853');
INSERT INTO `testitem` VALUES ('47D9FE2F5CF44E7EBE8540375B29419B', 'Two', '1', 'C9A3E5B57AC04D22BFA9CB0CC94D2337');
INSERT INTO `testitem` VALUES ('47F1995EE7E8412DB214B71BD0B515AE', 'Pasacal', '0', '47FD853D6EB14AB99006975BF33EFF20');
INSERT INTO `testitem` VALUES ('47F913D6889F4965A1232D8729841A20', 'Float', '0', '8D4728BBB1584E91AFB503E4E1FDBE4A');
INSERT INTO `testitem` VALUES ('487D660A6BB24BFDA990D58C128C355A', '14', '0', 'C528AECE919745249CDE38437F8A8849');
INSERT INTO `testitem` VALUES ('48942F51205A4AB8A055FB1E2EF0138F', '42,41', '1', '01B84D33B69140C98D20F468558780AC');
INSERT INTO `testitem` VALUES ('490C02BC96624D6C8B839AEE22E7A858', 'a private data field', '0', 'D2948A60C14B497F9F6D5DB25A7FFCAA');
INSERT INTO `testitem` VALUES ('494639C9A4874DD48F50C2FB99E65EE5', '在类方法中调用本类的类方法时可直接调用', '1', '72845B94F4894850BE7A5F6AE4EBC3C2');
INSERT INTO `testitem` VALUES ('4A4B810A68174E23BD81005998C265C0', 'int', '0', '077612B6EA3440699DFE149D2BA6E107');
INSERT INTO `testitem` VALUES ('4AE4CEEDDE294E25B47F3D281486A6F4', '子例程', '0', '288AB854D1AA4EDF9332AB85B523CB44');
INSERT INTO `testitem` VALUES ('4AFB249F942F49219D920594A54ECBCE', '强行排错法', '0', '72167F5A5E3343829C90C081231D42FE');
INSERT INTO `testitem` VALUES ('4B7D0143D4AC43808676F45FA27FF50F', 'acbed', '0', 'BFDBE8B6706D485F92A11B0C715BC597');
INSERT INTO `testitem` VALUES ('4BBF785AF6354A55BD81D997700B85E2', 'M= =1', '0', 'F0373FE28D4641D18D3B0BD3D16B6FF5');
INSERT INTO `testitem` VALUES ('4BD08D79C28140348044386A2A86D1AD', '如果这个病人死亡的原因是诊治不准确，那么，抢救不及时不会是原因', '0', 'D11BFB54265140D5BA3715C0EB93B632');
INSERT INTO `testitem` VALUES ('4D0A43097CD045E79CFF77974A80B3C0', 'deabc', '0', 'BFDBE8B6706D485F92A11B0C715BC597');
INSERT INTO `testitem` VALUES ('4D26A7F050B846A296BC26C0D37E2733', '只有锁对象有notify()方法,其它对象没有该方法', '0', '86DBAFA5E62B4892A7E8AC38926BB72A');
INSERT INTO `testitem` VALUES ('4E58B8B93A3548A6AE9E61D2E9F78584', '我的钱可能够，也可能不够买一斤西红柿', '1', '173A511CF062463A9F898A4536E53771');
INSERT INTO `testitem` VALUES ('4E5A731C241F488FA993AE80CB69BC11', '&&', '1', 'ED4C8181D3E148B3B73306458F36CFDD');
INSERT INTO `testitem` VALUES ('4EBE9B698D544499AFFE31B86A630FEC', '‘Xab’', '1', '9E10B8B1ED3643E7A6DB3D782DBDEC8D');
INSERT INTO `testitem` VALUES ('4FE3A877AD84403BA9010FE1E75F4DF4', '96', '0', '78A5DB6A814F44F59623CDAEC3823F50');
INSERT INTO `testitem` VALUES ('500BF70FF87F4E6B802D7C98BB0CC624', '返回当前线程对象', '0', 'DEAFAE70356B4104A99BBED309C25762');
INSERT INTO `testitem` VALUES ('5029314C3DA64ADDB7501DD7FD6905DB', '格式描述和输出项不匹配，输出无定值', '0', '9E0690F3D20F4519BC7307502506CC04');
INSERT INTO `testitem` VALUES ('503D70175EDE45A08615801E3105F03B', '5', '0', '81658A0CB3EE4641AB37E2FD94B9B72B');
INSERT INTO `testitem` VALUES ('514B8BB0B07F46188473F43A5C720DA7', 'short', '0', '077612B6EA3440699DFE149D2BA6E107');
INSERT INTO `testitem` VALUES ('51956544A3BA4554B02B4CA5D7FFB545', '快速排序', '0', '2C69F9D19AFC4F598C8823BB076008E1');
INSERT INTO `testitem` VALUES ('51D3EF9695454CD185856A38B9BFD8B2', '既前进又倒退', '0', '8A1793B494214B4B9D19CE14F6FCD7BA');
INSERT INTO `testitem` VALUES ('5291EF0FEEBF41E682172061B37F76B2', '递推算法总可以转换为一个递归算法', '0', '058CC088C51643319EB5CF28EBF2A028');
INSERT INTO `testitem` VALUES ('53A297F159BC45BB97A00ECBE1006730', '重视可能性的表现', '0', '4F6BD8B575FE43348E456DFF7DA54C84');
INSERT INTO `testitem` VALUES ('5459E637D9554C5F84866CCA27D32314', '有球迷不喜欢某个参赛球队', '0', '9ED83098BC554710BBDD25FB2880909B');
INSERT INTO `testitem` VALUES ('550BEF3E75D9482498A6B48E470D0BB3', '12', '0', 'DE20AB529D0240E28893C53A47BFFE7B');
INSERT INTO `testitem` VALUES ('5577514F158D4E8C9A46FCB57AC49D14', '在类方法中可用this来调用本类的类方法', '0', '72845B94F4894850BE7A5F6AE4EBC3C2');
INSERT INTO `testitem` VALUES ('558F691B304C44B382A8EA20E70D5CCE', '42,42', '0', '01B84D33B69140C98D20F468558780AC');
INSERT INTO `testitem` VALUES ('55DF99F0018341958C8362A8074E0562', 'a2_i', '0', '373F98A890FD49F0A3C12372CA02841B');
INSERT INTO `testitem` VALUES ('5601C269090C4D228EB9F3F6D78FAC9A', '无关系', '0', '80518A760F40499BBD7E07AFE2F20259');
INSERT INTO `testitem` VALUES ('5661C5C9C6D243268CE56064DBF13D24', '大于零的数', '0', '67A05F67F8F04CFABF5C65792C9BD10E');
INSERT INTO `testitem` VALUES ('5684DFB459684EA5A372CB01BED45744', '15', '0', '926835D9802342359646FE1B38440117');
INSERT INTO `testitem` VALUES ('569426A3B78B45219703A5CE1107BE54', '事物螺旋式上升或波浪式前进的过程', '1', '1D6B2CC751944D80A60EE56B5F8ABDB3');
INSERT INTO `testitem` VALUES ('56B0AE5C7688461E89AACFBE1B408036', '包含文件中的第一个函数', '0', 'FB25D1F173E84DC1A7064EF14D6C8872');
INSERT INTO `testitem` VALUES ('574FB899D5B04031A8DFB22D0517315A', '%', '1', 'C96A7A3D937E4938B8A5E1F82068DFEF');
INSERT INTO `testitem` VALUES ('5775EB719D6B404FA164B0A3DE83508A', '我的钱不够买一斤西红柿', '0', '173A511CF062463A9F898A4536E53771');
INSERT INTO `testitem` VALUES ('577AE6C237EB49FD92B5F8A8100CF54C', 'array[9]', '0', 'E39D961D8E6E4F2582E28535E3064314');
INSERT INTO `testitem` VALUES ('5809603DB67848C38D16256DB27EC6B0', 'C', '0', '7687DFA4030B454D847E44ECAE51B290');
INSERT INTO `testitem` VALUES ('584B671F47DD46F48B48200ED70E05A9', '11', '0', 'DE20AB529D0240E28893C53A47BFFE7B');
INSERT INTO `testitem` VALUES ('5854316319F340C893E74F3D122CDCFC', 'static', '0', '0A077F0D1372466E8A0764DA16F3E682');
INSERT INTO `testitem` VALUES ('5AE59A29AAD740408884351E608C5EA7', '都是先进后出', '0', '0B5510E6F9604195AC25F81648A49510');
INSERT INTO `testitem` VALUES ('5AF6B3A0C47648B1B6D59169094BA683', '物质能为感官感知', '0', 'C82F33A6C1714295A2FAA56584A0E4AA');
INSERT INTO `testitem` VALUES ('5B86A8F73EE2463F9E5937BCF26F2DE0', '构造方法可以被程序调用', '0', '380CEBF036684A8E961D811E19FE7944');
INSERT INTO `testitem` VALUES ('5BA12F3352EA46B6A17A92FB62F40E52', '类型分装机制', '0', '16225D41E79241CD9DB1740919A12E68');
INSERT INTO `testitem` VALUES ('5BC7CC0FCC57463A8F409862D3457F56', '4', '1', '1619038D22A04CADA8FC8C1E8871346F');
INSERT INTO `testitem` VALUES ('5BC7F5624EB74A758B9134D32CE6D8CB', '作为确认测试和验收的依据', '0', '9C36B16AB66F47E8952ADAEAD93B7DE3');
INSERT INTO `testitem` VALUES ('5BDB659467B9495B98B65A0DD484B21E', '一旦一个线程被创建，它就立即开始运行', '1', '04B8F0B3ECAE4FA2A6FF96A78D0A96A3');
INSERT INTO `testitem` VALUES ('5BDC46450B4B4890AA4F254AD2B9C15F', '\"a\"', '0', '6923D0C9BBE3476D9B2EBF7A3F0DFC07');
INSERT INTO `testitem` VALUES ('5CD079C14FE2418EA306A44838912CB0', '具有顺序、选择和循环三种基本结构', '0', 'D53767526A834DCFBBC32BBF9DE37485');
INSERT INTO `testitem` VALUES ('5DDD94910D534664B4CB954BC81C9A11', 'O(n)', '0', '970B57E6CFA544E4A144F7FB11D2D963');
INSERT INTO `testitem` VALUES ('5E2102404C0A491A89112C9C96919A8B', '要么妇女就是碰瓷', '0', 'A647773A66B843A495EF728249CDF1DC');
INSERT INTO `testitem` VALUES ('5E3732489C1642B486CD62027281AA9A', 'synchronized()', '0', '82997198CE05438C922AC232F1168B25');
INSERT INTO `testitem` VALUES ('5E7AC9DB115C4117BDFA4FBC89EAC46B', 'Applet', '0', '57D74F58918D48008123B6E44813C762');
INSERT INTO `testitem` VALUES ('5F245923BACB4BDFA1A843011512F6F7', 'TextField b=new TextField(\"OK\");', '0', '8EC35697350242C5924DF82C911FD6A4');
INSERT INTO `testitem` VALUES ('5F3B4C8E36CE430E9E69019F1CAFF174', '10', '1', 'DE20AB529D0240E28893C53A47BFFE7B');
INSERT INTO `testitem` VALUES ('5F6843E33CAD44EB95C58440A253FAC4', '有球迷不喜欢所有参赛球队', '0', '9ED83098BC554710BBDD25FB2880909B');
INSERT INTO `testitem` VALUES ('5F7AE6B520A642E382F41BBA70B5DA24', '前者带有缓冲，后者没有', '0', '87B520A0551547AEA3B332D9CA61E01F');
INSERT INTO `testitem` VALUES ('5F89FDE660FA49BABF21C9E3E52D4593', '意识依赖于物质', '0', '1943E6026B624B2C8A2524BD845466B3');
INSERT INTO `testitem` VALUES ('5FA99985D543448F9383078F04DA9E5F', '先分配空间，再声明对象，对对象初始化', '0', '3435201EA8064B4AB92DBE633DC7F79C');
INSERT INTO `testitem` VALUES ('5FD5688A656A420295BA7D052A15D773', 'AABB ', '1', 'DF1C183F37C64027BA2ACC5F2F99B284');
INSERT INTO `testitem` VALUES ('600DDA5DA81F481E9C1C692BC8500BCC', '新事物战胜旧事物的过程', '0', '1D6B2CC751944D80A60EE56B5F8ABDB3');
INSERT INTO `testitem` VALUES ('61AA6FCF35A946B295F25ADCE33391CB', '((x<=-2)||(x>=2)||((x>4)||(x>=8))', '0', 'C0A2632CFFE64BD79A3248A7A0D7CE3A');
INSERT INTO `testitem` VALUES ('61B1EC7FA1FE456C9525CC41CF274427', 'O（m）', '1', '970B57E6CFA544E4A144F7FB11D2D963');
INSERT INTO `testitem` VALUES ('62C0BE4B111E46079A58D941C60F27BB', 'A', '1', '7687DFA4030B454D847E44ECAE51B290');
INSERT INTO `testitem` VALUES ('6307B42828CF4AF7B4CA397FE5E530C0', 'sleep不释放对象锁，wait放弃对象锁', '0', '341FE26EAB2E4C848AF6DB802EA41710');
INSERT INTO `testitem` VALUES ('64AA84E843194CB9B1C1D0ED8291EEF8', '是相同的，只是强调的方面不同', '0', 'B5BCC2951831475DBEBEB8EC9C9A1B18');
INSERT INTO `testitem` VALUES ('6535DA83AA464ADB9559CF72700773B1', 'Frame', '0', '57D74F58918D48008123B6E44813C762');
INSERT INTO `testitem` VALUES ('6603FACF78D149F8B4717838F590B69F', '数据封装机制', '0', '16225D41E79241CD9DB1740919A12E68');
INSERT INTO `testitem` VALUES ('666DD8BA1C6645CA8CA0BCD0A25E9648', 'conversion of comments into Javadoc comments', '0', '5EB45DADA23E4DBBAA8C2C90D27AFD02');
INSERT INTO `testitem` VALUES ('669B3B7299C84D6B84A96378E14CF31B', 'm.length+1', '0', '5E7E1D6B7660451DAA155E00AD4D8009');
INSERT INTO `testitem` VALUES ('66BFBCE2EFB84A76A43DD4DC340FE3E9', 'a=(a*100+0.5)/100.0 ', '0', '2492FD6FE29540F18BFE0A597798D3D8');
INSERT INTO `testitem` VALUES ('67394FFAB2EF40448230188D150AB543', 'strp[i]', '0', '9F3CDEB358834ACABB859CD6D7660853');
INSERT INTO `testitem` VALUES ('684E533588364D97AC0D0257D7FC2F6E', '回溯法', '0', '72167F5A5E3343829C90C081231D42FE');
INSERT INTO `testitem` VALUES ('68EBCAF7C37F4FEDA1B24D3182FE7A4D', 'C语言的三种基本结构是顺序，选择，循环', '0', '8F6F59720606466E8C50744D0B24A0EC');
INSERT INTO `testitem` VALUES ('6904776B81A6434DA811FDC8CCA43953', 'while', '0', 'CD6E1FD77E00441A876BC2A111130595');
INSERT INTO `testitem` VALUES ('691B7CCEC8824D3E97F722DE0061BA91', '排序方法', '0', '4767FF6079EC4F5684272222B9A5014E');
INSERT INTO `testitem` VALUES ('69F2AB9463984C07ADF913EC68B2461D', 'Java提供对多线程同步提供语言级的支持', '1', '1A9C2087477E4F83BDCFABE4EABC5868');
INSERT INTO `testitem` VALUES ('6AD44B7B0FF04AD08B46B19DD1791E33', '逻辑推理方法', '0', 'EBFECD64B4A64E8DB437A963B15D49E8');
INSERT INTO `testitem` VALUES ('6B91EA7146064B13B9834AC674183407', '一种游戏软件', '0', '0238A72F402940F69E2F5934090140CF');
INSERT INTO `testitem` VALUES ('6C52307AC89B4872B602264FB9D341CB', '0', '1', '5AEE769873E24B7F852B85B81E18BC88');
INSERT INTO `testitem` VALUES ('6D07BF4F13374D589F25F6A274F6BFE6', 'C语言的变量名必须小写，常量用大写', '1', '8F6F59720606466E8C50744D0B24A0EC');
INSERT INTO `testitem` VALUES ('6DE4346365E24543B987F40A089A6FEB', '(2>x>-2)||(4>x>8) ', '0', 'C0A2632CFFE64BD79A3248A7A0D7CE3A');
INSERT INTO `testitem` VALUES ('6E20338B24434465BC8907EF5FC0EE0C', 'Array[9]', '1', 'E39D961D8E6E4F2582E28535E3064314');
INSERT INTO `testitem` VALUES ('6E9C972822024A61A362E637A8371A0C', '0', '1', '958509C9842842969478D7F430E34E76');
INSERT INTO `testitem` VALUES ('6EDB22DF5C55445E98C515672D8ECA46', '那辆卡车车速太快', '0', 'A647773A66B843A495EF728249CDF1DC');
INSERT INTO `testitem` VALUES ('6EED859AE5254256BF23A10EC3866ACE', 'BASIC', '0', '47FD853D6EB14AB99006975BF33EFF20');
INSERT INTO `testitem` VALUES ('6F15DF5DF4DC47F0AC85F30C217BFF84', 'signed', '1', '8D4728BBB1584E91AFB503E4E1FDBE4A');
INSERT INTO `testitem` VALUES ('6F388B167AD8473CB31B7F2904990349', '12', '1', 'C528AECE919745249CDE38437F8A8849');
INSERT INTO `testitem` VALUES ('6FD879DD809A483F9819C1493B5E4AD7', '将事物差别绝对化的形而上学观点', '0', 'AF2F1F0A840A4B12A7AD6DF354A0479B');
INSERT INTO `testitem` VALUES ('716DBC44FC3542E6A6DC5196F55A7E8A', '6', '0', '71FB60CBE1E7417CA13D0B5B44A2363B');
INSERT INTO `testitem` VALUES ('7226A7C67E234CD9920C09EDF183FCA2', 'a.length()+1', '0', '171B06FC59BF41EC873CF40F9ADD7A71');
INSERT INTO `testitem` VALUES ('731DCD29260B4F1E85F4EAC7A8F0C386', '==', '0', 'C96A7A3D937E4938B8A5E1F82068DFEF');
INSERT INTO `testitem` VALUES ('73607FD03178484AA8656B56056867AF', 'automatic return of memory to the heap for objects no longer required by the program ', '1', '5EB45DADA23E4DBBAA8C2C90D27AFD02');
INSERT INTO `testitem` VALUES ('73C4E118BD054C13A37F2428DF7CA092', 'start()', '0', '82997198CE05438C922AC232F1168B25');
INSERT INTO `testitem` VALUES ('749DAD3B1B7D469C82EE5E0A334210DE', 'a=(a/100+0.5)*100.0', '0', '2492FD6FE29540F18BFE0A597798D3D8');
INSERT INTO `testitem` VALUES ('74AD4DE516494E4ABB224458966A3412', '_ok', '0', 'C63286029D194D1ABB9A2BDAF3FCEEA9');
INSERT INTO `testitem` VALUES ('74F222FC774146F2BA8819724AF5D478', '部分地址是连续的', '0', '1656506BAC974557A56AB67ADBAA2445');
INSERT INTO `testitem` VALUES ('756B3C7E266D4F73924607D73C2D1154', 'java.awt', '0', 'DA774172FC2948BEA04C0DA0D017F682');
INSERT INTO `testitem` VALUES ('76211CB50B994EDB8A2D0FB8F903C279', 'java.swing', '0', '7850A32B1AA442F58640F714DB5FFE9D');
INSERT INTO `testitem` VALUES ('771316025CAD42279775AA15774F0607', '	', '0', '5AAE7BF5C777471490E083EA9976637F');
INSERT INTO `testitem` VALUES ('7713F1BD9D2644A2BA54980CFB8A872C', '由内向外', '0', 'FBE1096C76444FF0B7CB5E8EC8485168');
INSERT INTO `testitem` VALUES ('77F4F3AF6F7F4C52AE60E1BBA5990D25', 'run()', '1', '82997198CE05438C922AC232F1168B25');
INSERT INTO `testitem` VALUES ('780404AE422445E7936BDDADA00876CD', 'java.lang', '0', 'DA774172FC2948BEA04C0DA0D017F682');
INSERT INTO `testitem` VALUES ('796C26E048D14DECB549FBB54962DF95', 'a[i]', '0', '373F98A890FD49F0A3C12372CA02841B');
INSERT INTO `testitem` VALUES ('7A001ED7757B4AA289276CCCC2A230F6', 'printf(―%d‖,a=a+1,b--,c+1);', '0', 'C142E43B80554EDD8678A710056322A5');
INSERT INTO `testitem` VALUES ('7AF2D3938B3643E7A8B327D1FF558A4A', '先声明对象，为对象分配内存空间，对对象初始化，然后才能使用对象', '1', '3435201EA8064B4AB92DBE633DC7F79C');
INSERT INTO `testitem` VALUES ('7B88C1FD42BB456087BEBDCE71755FFC', 'void', '1', '84796E630D724EFDAE5C09BEC6311EB4');
INSERT INTO `testitem` VALUES ('7B8F9E29E1AC4D0EB7415D5C2859C55F', 'no.1', '1', 'C63286029D194D1ABB9A2BDAF3FCEEA9');
INSERT INTO `testitem` VALUES ('7BECF66C94D64139848344F1D453A223', 'sleep是线程类（Thread）的方法，wait是Object类的方法', '0', '341FE26EAB2E4C848AF6DB802EA41710');
INSERT INTO `testitem` VALUES ('7C4D2192DF824E9AA0D26208E0A9002C', '量变是质变的准备', '1', '1EE7F53BBE9146DE82B733676A299FE5');
INSERT INTO `testitem` VALUES ('7C745302C39D41BE8EEB33411C012006', '程序越短越好', '0', 'C8024F8213E743CCB0C16BEFFAED20BB');
INSERT INTO `testitem` VALUES ('7D04638B5D20406881F8D9158FF8EEA1', '_123_', '0', 'C63286029D194D1ABB9A2BDAF3FCEEA9');
INSERT INTO `testitem` VALUES ('7DBA962958B347ABB56DB640E90E6582', '65', '0', '9E10B8B1ED3643E7A6DB3D782DBDEC8D');
INSERT INTO `testitem` VALUES ('7DDA490FF96E4152A232C5EF56082F01', 'java是高级语言 ', '0', '29CC07451D9941DE8C97FF67AAC58EAF');
INSERT INTO `testitem` VALUES ('7E262C199E214F9398B4E91E93CA7D89', 'if', '0', 'ED4C8181D3E148B3B73306458F36CFDD');
INSERT INTO `testitem` VALUES ('7E64689C5E7C4219B0595E95B78E5BC4', '所有球迷都不喜欢某个参赛球队', '1', '9ED83098BC554710BBDD25FB2880909B');
INSERT INTO `testitem` VALUES ('7EE8C20F7237473D9F6D49CFFA9C5C3D', '有些商店既没有遮蓬也没有霓虹灯', '0', '8515D9678D2748E19681BBDD62C2EED8');
INSERT INTO `testitem` VALUES ('7F79E933559C44979742DC1BE50E3ACB', '27', '0', '745FD679010943FBAD3659395A64B483');
INSERT INTO `testitem` VALUES ('7F98962ED2AE4D87A6BE8578F8276D83', 'c', '1', 'D09126EDA7084B8A8A822B560D24BAAD');
INSERT INTO `testitem` VALUES ('80455FEFC519424883549F225A3366D7', 'a.length+1', '0', '171B06FC59BF41EC873CF40F9ADD7A71');
INSERT INTO `testitem` VALUES ('808A44C91D1B4A2BB3FA85417C3C1ACC', '26', '0', '745FD679010943FBAD3659395A64B483');
INSERT INTO `testitem` VALUES ('809CEC6F5B0F490F9B021961F68CFAD4', '我不想买西红柿', '0', '173A511CF062463A9F898A4536E53771');
INSERT INTO `testitem` VALUES ('80F5D07048894BA49201B5B1B4D729D7', '用对象作为参数', '1', 'D7D5D656389E41FEBA2927E6504CC8A7');
INSERT INTO `testitem` VALUES ('81CB466BD96747828DDA0BD8B5755C5E', '(x<2)&&(x>=-2)&&(x>4)&&(x<8)', '0', 'C0A2632CFFE64BD79A3248A7A0D7CE3A');
INSERT INTO `testitem` VALUES ('8282599EBBCE45309956AE294DCD2BC8', '可移植', '0', '655BE491ECC0499697B13588735DBC35');
INSERT INTO `testitem` VALUES ('82E276DD34EA4EB599695E17656EC75F', '一个线程可以包含多个进程', '0', '1A9C2087477E4F83BDCFABE4EABC5868');
INSERT INTO `testitem` VALUES ('8343E1D9EC924B43A03B85A48AA990BB', 'a=8,b=a+7; ', '1', 'BBE7EC3152D94BB395ABBC6386DD4006');
INSERT INTO `testitem` VALUES ('8433A482ECCF42DC8DE42E905E1E709A', '分治法', '0', 'CF2F8529E42F48C2AFCF8C70E6154260');
INSERT INTO `testitem` VALUES ('858A66FCA6B94088A72A75557CFA8111', '17.5', '0', '1EC58991202F40999AA4A60D26265F26');
INSERT INTO `testitem` VALUES ('858B25ABE1EB4A36BE496B73534C179A', '0', '0', 'E8D22294BAE946B8AAC2AF8B3115A032');
INSERT INTO `testitem` VALUES ('85AA241E2783487B89679863EE13EFD0', '对于同一个问题，递推算法比递归算法的执行时间要长', '1', '058CC088C51643319EB5CF28EBF2A028');
INSERT INTO `testitem` VALUES ('85C784B02C6E467CB7F6AF3773346687', '意识创造物质', '0', '1943E6026B624B2C8A2524BD845466B3');
INSERT INTO `testitem` VALUES ('85D1BC6C8740449F8955B8B93F85CEFD', 'constructor在一个对象被new时执行 ', '1', '6821D93FC9544B0796A796B571E6ADFC');
INSERT INTO `testitem` VALUES ('86ADC2D7CFD34CBF99C73C8A7C601994', 'java.lang', '0', '7850A32B1AA442F58640F714DB5FFE9D');
INSERT INTO `testitem` VALUES ('888D6FB25D814E3EA3F993AC89455F2B', '自底向上', '0', 'FBE1096C76444FF0B7CB5E8EC8485168');
INSERT INTO `testitem` VALUES ('88DEF1854F0D48538EB196CC0E39F35E', '运动、发展的原理', '0', '735CD27D3E584C6B804770E54B97FE58');
INSERT INTO `testitem` VALUES ('894FB036AE4543A6A6A7062EEAA238A0', 'java是结构化设计语言', '1', '29CC07451D9941DE8C97FF67AAC58EAF');
INSERT INTO `testitem` VALUES ('89B4392C172142CAB968A4C931662297', '输出流', '1', '60F51033975B40E0BCF476719D549147');
INSERT INTO `testitem` VALUES ('89BEBA4D72004732ABF4D8F8022A40A4', 'Ada', '0', '47FD853D6EB14AB99006975BF33EFF20');
INSERT INTO `testitem` VALUES ('8A8960CCC1FE4315804AAFD9179477D7', '全部哲学的基本问题', '1', 'E83DE178CAAC4C0582523B0C7FADD322');
INSERT INTO `testitem` VALUES ('8A9938B361904D03B93BBC50B8C01889', '自我发展、自我完善', '1', '8A1793B494214B4B9D19CE14F6FCD7BA');
INSERT INTO `testitem` VALUES ('8AF6239F48BD4E0C98A4886171007811', '异常可以随便处理，而不是抛给外层的程序进行处理', '0', '448C99C6EF9D4A079A7294588A93670F');
INSERT INTO `testitem` VALUES ('8B38CEEF54AF459FA50BBE4F5FE27D95', '选择排序', '0', '2C69F9D19AFC4F598C8823BB076008E1');
INSERT INTO `testitem` VALUES ('8CD40C1A11CD41A184D0DA0991D94C65', '124', '0', '78A5DB6A814F44F59623CDAEC3823F50');
INSERT INTO `testitem` VALUES ('8D6FB6A227814CDE88B8CF2AF06E4D98', '都可以作为参数', '0', 'D7D5D656389E41FEBA2927E6504CC8A7');
INSERT INTO `testitem` VALUES ('8D9CA57AF9784788BD888F1C167CDB8D', '是唯意志主义的一种表现', '0', '22D145F6B1D84F34A4E7E2CCE7D404E9');
INSERT INTO `testitem` VALUES ('8DBBF31F3AE64706A029E5FD76DD2F94', '8', '1', '71FB60CBE1E7417CA13D0B5B44A2363B');
INSERT INTO `testitem` VALUES ('8DF9B943B06141989612DEFF60490E8B', 'java.awt', '0', '7850A32B1AA442F58640F714DB5FFE9D');
INSERT INTO `testitem` VALUES ('8E1498BA73D34342925EFD5C98905074', '/**', '1', 'D08B3C65D4B94245BEE9B96A650D14F8');
INSERT INTO `testitem` VALUES ('8E3776CD586D4E0C8CAF3B5902B7F9D3', 'D', '0', '7687DFA4030B454D847E44ECAE51B290');
INSERT INTO `testitem` VALUES ('8EC8933442874B6CBAD489DFA8DB49B3', 'java.swing', '0', 'DA774172FC2948BEA04C0DA0D017F682');
INSERT INTO `testitem` VALUES ('8ED19940AC0549778F0E403ED2CE6469', '*(strp+i) ', '0', '9F3CDEB358834ACABB859CD6D7660853');
INSERT INTO `testitem` VALUES ('8F7B9AEBE5D4406E9B12F4951BC3AC00', 'single , real', '1', '884117F255F4409F9C71883C162CFF1F');
INSERT INTO `testitem` VALUES ('8FB909A0B066471F89568AF4F905E0D5', '过程', '0', '288AB854D1AA4EDF9332AB85B523CB44');
INSERT INTO `testitem` VALUES ('900D1C7753474771B77B60D186151DE9', '0x35', '0', '8F1013052952436F9CD91D64F9538B8F');
INSERT INTO `testitem` VALUES ('903596A760944F56BC07568E0AA62A2C', '一种程序开发辅助工具', '0', '0238A72F402940F69E2F5934090140CF');
INSERT INTO `testitem` VALUES ('90548C2248774B0782C8E920566BDA50', '43.6', '1', '8F1013052952436F9CD91D64F9538B8F');
INSERT INTO `testitem` VALUES ('90B2FDCC31054FAE9BBBEDB2D14BAC29', 'a1.java', '1', '9010BBAAB35544649A0AA62B717D0F9C');
INSERT INTO `testitem` VALUES ('90E071CA21274A07B3F47F4BF67379F9', '观察实验方法', '0', 'EBFECD64B4A64E8DB437A963B15D49E8');
INSERT INTO `testitem` VALUES ('911CEDC1412F481794D2324E7852F916', '归并排序', '1', '2C69F9D19AFC4F598C8823BB076008E1');
INSERT INTO `testitem` VALUES ('9201FEAF48204437AC9FEAED1F63DAC8', '递归算法要求语言具有反复自我调用子程序的能力', '0', '058CC088C51643319EB5CF28EBF2A028');
INSERT INTO `testitem` VALUES ('92289647B1014CA581E3BA547B7BAAFB', 'TextArea b=new TextArea(\"OK\");', '0', '8EC35697350242C5924DF82C911FD6A4');
INSERT INTO `testitem` VALUES ('9277FE5C42DE488EB4ACF3485041AE99', '一种全新的程序语言', '0', '0238A72F402940F69E2F5934090140CF');
INSERT INTO `testitem` VALUES ('93471A07164D46FDB7EE1048245B1AF2', '3', '0', '4581D6CFCE0E486DAF1D9EE53F6A9059');
INSERT INTO `testitem` VALUES ('935BB8CE8C8F46B4A183CD268F57142B', '//', '0', 'D08B3C65D4B94245BEE9B96A650D14F8');
INSERT INTO `testitem` VALUES ('935E687F3604446B9100724ACDA17BE0', '理论对实践起决定作用', '0', '254400E085D0429B810CE0A24212B058');
INSERT INTO `testitem` VALUES ('94140D7DB9C14BE2B70005494B7640C3', '1', '0', '4581D6CFCE0E486DAF1D9EE53F6A9059');
INSERT INTO `testitem` VALUES ('947A0FC8FD9A4D3C9FFBF24A17AD6EFA', '41,41', '0', '01B84D33B69140C98D20F468558780AC');
INSERT INTO `testitem` VALUES ('94B56F265F1A41658B31F33ECF82E4C9', '语言简洁紧凑 ', '0', 'A5DD28E362E94FA78E9960B43DCC2A5D');
INSERT INTO `testitem` VALUES ('950448502E194497B1C4F1F1AACE0A3F', '4', '1', '4581D6CFCE0E486DAF1D9EE53F6A9059');
INSERT INTO `testitem` VALUES ('967732BCD5F04752A8908FF89BC369E0', '它所调用的函数前面', '0', '138CFE864A6D45F5A82B058A1F18DCB1');
INSERT INTO `testitem` VALUES ('96AF6900F8B94661866478B6E5BAAA79', '只返回线程的名称', '1', 'DEAFAE70356B4104A99BBED309C25762');
INSERT INTO `testitem` VALUES ('96FA810227ED4E32BB140708A6383392', '可以连续，也可以不连续', '1', '1656506BAC974557A56AB67ADBAA2445');
INSERT INTO `testitem` VALUES ('97AEBDDAF0064EA28459161C4FCDDA20', '2', '0', '4581D6CFCE0E486DAF1D9EE53F6A9059');
INSERT INTO `testitem` VALUES ('97B6CDE214D44693A5C43F3C54E609BD', 'serialize ', '0', '65E5DAA4CB3243D9ABACCF7072AD94B1');
INSERT INTO `testitem` VALUES ('98C85F58D629446294656EC81BC71A27', 'M!=0', '1', 'F0373FE28D4641D18D3B0BD3D16B6FF5');
INSERT INTO `testitem` VALUES ('992906CB9AE24665A7A4956218B81ECE', '用基本数据类型作为参数', '0', 'D7D5D656389E41FEBA2927E6504CC8A7');
INSERT INTO `testitem` VALUES ('9945504244394C898D9CE658EC069586', '“f”', '0', '9E10B8B1ED3643E7A6DB3D782DBDEC8D');
INSERT INTO `testitem` VALUES ('995EF3FB70384254A15CB9B9EB997CE2', '发挥主观能动性的表现 ', '0', '4F6BD8B575FE43348E456DFF7DA54C84');
INSERT INTO `testitem` VALUES ('999F322F8A20493C83445D16A24716A7', '28', '0', '745FD679010943FBAD3659395A64B483');
INSERT INTO `testitem` VALUES ('99C74321FD944D96B7C3113A9F748DC4', '通过调用stop()方法而停止的线程', '0', 'FF243F95E4FA458F8549A3C5491F2B0F');
INSERT INTO `testitem` VALUES ('99CB2B67376F476D8B26B51FA7C7D447', '*strp ', '0', '9F3CDEB358834ACABB859CD6D7660853');
INSERT INTO `testitem` VALUES ('9A4D0C0551A64460A5A1A0513F30A2F6', 'a1.jsp', '0', '9010BBAAB35544649A0AA62B717D0F9C');
INSERT INTO `testitem` VALUES ('9AF3FF845807466F95A35F5257F1B000', '13', '0', 'C528AECE919745249CDE38437F8A8849');
INSERT INTO `testitem` VALUES ('9B21D911661F4124A280C5B2272CF0D1', '矛盾特殊性原理', '1', '735CD27D3E584C6B804770E54B97FE58');
INSERT INTO `testitem` VALUES ('9B7B5D6D51B944DDB6FE5DD71DEEF599', '你要么让后面那辆卡车撞上，要么撞到那个妇女', '1', 'A647773A66B843A495EF728249CDF1DC');
INSERT INTO `testitem` VALUES ('9BD52108BDA045EF8BC778821C24C3A7', '自顶向下', '0', 'FBE1096C76444FF0B7CB5E8EC8485168');
INSERT INTO `testitem` VALUES ('9C8FD6F97468428EBEF66ED34CFFC32E', '便于用户、开发人员进行理解和交流', '0', '9C36B16AB66F47E8952ADAEAD93B7DE3');
INSERT INTO `testitem` VALUES ('9D15B81C360348B68794939EC094F701', '前者是辩证法，后者诡辨论 ', '0', 'B5BCC2951831475DBEBEB8EC9C9A1B18');
INSERT INTO `testitem` VALUES ('9D284CD6AC1048AE99074FB0DCAEB250', '物质可以认识', '0', 'C82F33A6C1714295A2FAA56584A0E4AA');
INSERT INTO `testitem` VALUES ('9D46AB79CE05406A839DC9D692EF154B', '如果这个病人的诊治是准确的，那么，造成他死亡的原因一定是抢救不及时', '1', 'D11BFB54265140D5BA3715C0EB93B632');
INSERT INTO `testitem` VALUES ('9DD80E9069E64F259C9CB4028A83C977', '任何情况下都可以调用任何对象的wait()方法，使当前线程等待', '0', '86DBAFA5E62B4892A7E8AC38926BB72A');
INSERT INTO `testitem` VALUES ('9ED9623E4F9B44F194FCD8846819266F', '跨平台', '0', '655BE491ECC0499697B13588735DBC35');
INSERT INTO `testitem` VALUES ('9F4E53361F544C5291460585E9FD0E13', 'wait()方法是Thread类特有的方法', '0', '86DBAFA5E62B4892A7E8AC38926BB72A');
INSERT INTO `testitem` VALUES ('A1D2893FDC394959AB790369C0C1F418', '**/', '0', 'D08B3C65D4B94245BEE9B96A650D14F8');
INSERT INTO `testitem` VALUES ('A233365C13104A7AAC7C04637325B4C6', '(x>-2)&&(x>4)||(x<8)&&(x<2) ', '1', 'C0A2632CFFE64BD79A3248A7A0D7CE3A');
INSERT INTO `testitem` VALUES ('A2CB4F09E4E14934A576295118C1929A', '必须是连续的', '0', '1656506BAC974557A56AB67ADBAA2445');
INSERT INTO `testitem` VALUES ('A2D2E9489B1D4B2BA00438E584394E68', '10', '0', '71FB60CBE1E7417CA13D0B5B44A2363B');
INSERT INTO `testitem` VALUES ('A3C39B945BBC4735B1AAA818117C6618', '唯物主义哲学的基本问题', '0', 'E83DE178CAAC4C0582523B0C7FADD322');
INSERT INTO `testitem` VALUES ('A3DA9407D2B04271BDA88611F0F7945A', '启动一个线程直接调用线程对象的run()方法', '0', '1A9C2087477E4F83BDCFABE4EABC5868');
INSERT INTO `testitem` VALUES ('A4AA87FEA55B4248A88847F697F9A987', '有穷性', '0', '0E63DB8E769E4D5A9ED508253F035B81');
INSERT INTO `testitem` VALUES ('A4B65874BC284D5994CC4F7E28CC161F', 'One', '0', 'C9A3E5B57AC04D22BFA9CB0CC94D2337');
INSERT INTO `testitem` VALUES ('A527C0AB46824637B1A077313E1750C8', '2', '0', 'CFC00DF44997400DBDE070EB19017AE0');
INSERT INTO `testitem` VALUES ('A5FA0FC09FF4495DAD2ABC4B57FF02B4', 'break', '0', 'CD6E1FD77E00441A876BC2A111130595');
INSERT INTO `testitem` VALUES ('A6BDBBCAB02743ADBB80516AC1EB63EB', 'auto', '0', 'D09126EDA7084B8A8A822B560D24BAAD');
INSERT INTO `testitem` VALUES ('A6DC8A3A0301494DB0FD3CE75692AF75', 'public final int MAX_LENGTH=100;', '1', '7F70F2B0A3F54AA99F4D0F73205286B8');
INSERT INTO `testitem` VALUES ('A720620F93374546809B810D0430A891', '事物不断周而复始循环的过程', '0', '1D6B2CC751944D80A60EE56B5F8ABDB3');
INSERT INTO `testitem` VALUES ('A72F872E56DE4A0AB4D472152E72ABF0', 'a,c', '0', '9E0690F3D20F4519BC7307502506CC04');
INSERT INTO `testitem` VALUES ('A75B37D2A59C482EAF08B81BB2E19252', '532', '0', '8F1013052952436F9CD91D64F9538B8F');
INSERT INTO `testitem` VALUES ('A7D80DEF9B0844BCA9A1934246BFF288', '1', '0', '1619038D22A04CADA8FC8C1E8871346F');
INSERT INTO `testitem` VALUES ('A8BB0028DC5041F2B1EC93B1B8B5C1BD', 'a1.class ', '0', '9010BBAAB35544649A0AA62B717D0F9C');
INSERT INTO `testitem` VALUES ('A9590206B408489EBD31D6269F74268E', '>>执行移动', '0', '717C4B48997C406C95828CD50327CB3B');
INSERT INTO `testitem` VALUES ('A97A76C86B784C2BB02FED34BE3C9D16', '11', '1', '13D9D809562846318B7C25780B62313E');
INSERT INTO `testitem` VALUES ('A97C406F4BD54449B7D2B0F224462F71', 'javadoc', '1', '188EDFFAF6034C19820E0EE01428545B');
INSERT INTO `testitem` VALUES ('A9C94AC01ADD4BF692F4C343506DF747', '8', '0', '81658A0CB3EE4641AB37E2FD94B9B72B');
INSERT INTO `testitem` VALUES ('A9DDCF3148C245B6932929CFAEDCE40C', '意识对物质有能动作用', '1', '1943E6026B624B2C8A2524BD845466B3');
INSERT INTO `testitem` VALUES ('AA03BF155E96437187C0210D02993207', '没有共同点', '0', '0B5510E6F9604195AC25F81648A49510');
INSERT INTO `testitem` VALUES ('AA46240CF0C94A149C80292FCDEBCBF1', '前者是形而上学，后者是辩证法', '0', 'B5BCC2951831475DBEBEB8EC9C9A1B18');
INSERT INTO `testitem` VALUES ('AA7E45660B404C70B6E25A2A34CE6452', '意识决定物质', '0', '1943E6026B624B2C8A2524BD845466B3');
INSERT INTO `testitem` VALUES ('AADD67BEE5B04D6BBD29868F1B575CBE', 'abstract  double  d；', '0', 'B6BB7B4C9A524506957E430A450579DB');
INSERT INTO `testitem` VALUES ('AB3925DA437D45D98F1DC3347F6A0F35', 'GC(自动垃圾回收)，提高了代码安全性', '0', '0F36C98C8C0C40B7919A06B2923115A4');
INSERT INTO `testitem` VALUES ('ABEEA7F33FC84AF9985B168AE9926332', '使用start()方法可以使一个线程成为可运行的，但是它不一定立即开始运行', '0', '04B8F0B3ECAE4FA2A6FF96A78D0A96A3');
INSERT INTO `testitem` VALUES ('AC5F484F307D4EBE98241177422CFDED', '线程对象必须实现Runnable接口', '0', '1A9C2087477E4F83BDCFABE4EABC5868');
INSERT INTO `testitem` VALUES ('ADF4A91263C544E1B0547418EE2EC23F', '有些商店既有遮蓬又有霓虹灯', '1', '8515D9678D2748E19681BBDD62C2EED8');
INSERT INTO `testitem` VALUES ('AE5DA7870B3D4CEFA6648254CFB3745C', 'BBBB', '0', 'DF1C183F37C64027BA2ACC5F2F99B284');
INSERT INTO `testitem` VALUES ('AF1FF20739EE4A33A87D10B0F90722AC', '1', '0', 'E64BC2DAC61F402FAC5FA11116581D60');
INSERT INTO `testitem` VALUES ('AFAE2621AD654FDA86FD85A3FB1AB2F5', 'a=7', '0', 'BBE7EC3152D94BB395ABBC6386DD4006');
INSERT INTO `testitem` VALUES ('AFB82BDCF7FD4D24BDB21322F3647DA3', '17', '1', '1EC58991202F40999AA4A60D26265F26');
INSERT INTO `testitem` VALUES ('AFD5D670E5C04BB882804F5F37135AD2', 'NullPointerException', '0', '5059BDF5503A40E29E7EE88AE114CE1C');
INSERT INTO `testitem` VALUES ('AFEB2DFDC18B4C87ABFC539F40554559', '量变和质变相互渗透', '0', '1EE7F53BBE9146DE82B733676A299FE5');
INSERT INTO `testitem` VALUES ('B045432A8E8D4F49AC64774535A4FCB5', 'java.sql', '1', '7850A32B1AA442F58640F714DB5FFE9D');
INSERT INTO `testitem` VALUES ('B0892BBE449D4579945B3467F3D9D882', '我班有团员学生、非团员学生和三好学生', '0', 'AEDB76FED7334000977E2C7755DE5396');
INSERT INTO `testitem` VALUES ('B0C217B1096E4F04AE1383AA192B0F3E', '先声明对象，然后才能使用对象', '0', '3435201EA8064B4AB92DBE633DC7F79C');
INSERT INTO `testitem` VALUES ('B0DC7284240D40488A00FE64C1FB17C5', '4', '0', 'E64BC2DAC61F402FAC5FA11116581D60');
INSERT INTO `testitem` VALUES ('B1587F03D5AF4B6B81E41B8A361D16FD', '量变和质变相互包含', '0', '1EE7F53BBE9146DE82B733676A299FE5');
INSERT INTO `testitem` VALUES ('B1F7EE36B470405A955485AE771BE28E', 'array[10]', '0', 'E39D961D8E6E4F2582E28535E3064314');
INSERT INTO `testitem` VALUES ('B2B92A5F6FD54BF9A75A3E6202873EEB', 'private', '0', '8528BA1F90184752B041C33643589415');
INSERT INTO `testitem` VALUES ('B3392E8C7BE440A7A55680FEAE6736D5', 'java是编译型语言', '0', '29CC07451D9941DE8C97FF67AAC58EAF');
INSERT INTO `testitem` VALUES ('B37B8E27A8BF42A89477156830D11DA6', '承认世界的统一性', '0', '1751B8A8994442DA937EB5530F188990');
INSERT INTO `testitem` VALUES ('B4C2ECA405394088A9F56BC26F3D3A91', '一些可执行语言', '0', 'FB25D1F173E84DC1A7064EF14D6C8872');
INSERT INTO `testitem` VALUES ('B530E23E3EE948AD850030FBC03A457C', '否认联系的形而上学观点', '0', '1751B8A8994442DA937EB5530F188990');
INSERT INTO `testitem` VALUES ('B537EF23AC2E46769604F02A4B159A83', 'init()', '0', '82997198CE05438C922AC232F1168B25');
INSERT INTO `testitem` VALUES ('B55D2E5600B34C13AE956F7D49B8C630', '字节流', '0', '60F51033975B40E0BCF476719D549147');
INSERT INTO `testitem` VALUES ('B6010AFA1739465491E8879702FA1B3A', 'real , float', '0', '884117F255F4409F9C71883C162CFF1F');
INSERT INTO `testitem` VALUES ('B65A0CEB431B4D7CB82334918DD47F31', 'final public int MAX_LENGTH=100;', '0', '7F70F2B0A3F54AA99F4D0F73205286B8');
INSERT INTO `testitem` VALUES ('B6A1EDB18F67492FAFB41035D0BD5C2D', '12', '0', '71FB60CBE1E7417CA13D0B5B44A2363B');
INSERT INTO `testitem` VALUES ('B7253C0DC6334748B5ADBD236EF3A985', 'float , double', '0', '884117F255F4409F9C71883C162CFF1F');
INSERT INTO `testitem` VALUES ('B746DB878EC140E6A42BB06B009D99A6', '程序结构应有助于读者理解', '1', 'C8024F8213E743CCB0C16BEFFAED20BB');
INSERT INTO `testitem` VALUES ('B767711B96EF486BA4314559C97AA483', 'a static data field', '1', 'D2948A60C14B497F9F6D5DB25A7FFCAA');
INSERT INTO `testitem` VALUES ('B7C9DD7D25A34ED79F47F4C55B9B832C', 'cedba', '1', 'BFDBE8B6706D485F92A11B0C715BC597');
INSERT INTO `testitem` VALUES ('B84BD5BF9F1F4745BB861D8D6F05666E', '一个正确的程序就是指程序书写正确', '0', '72FDD8E60AE041CB9F30B27ED94678B0');
INSERT INTO `testitem` VALUES ('B89A179730D147E9AAACC29C0BA5F329', 'private', '0', '0A077F0D1372466E8A0764DA16F3E682');
INSERT INTO `testitem` VALUES ('B8F68675F55C4251B37464C159C9E26E', '机器语言', '0', '7F30637693BD484FA462377746A67DE7');
INSERT INTO `testitem` VALUES ('B90DC8D063C145C585CFA94F0E1B2C3B', '运动', '0', 'C82F33A6C1714295A2FAA56584A0E4AA');
INSERT INTO `testitem` VALUES ('B950F436A95246879869348AF39AE30C', '异常的基类为Exception，所有异常都必须直接或者间接继承它', '0', '448C99C6EF9D4A079A7294588A93670F');
INSERT INTO `testitem` VALUES ('B9A057CB696C471B8E683502C9AF4AD0', 'abstract  final  double  hyperbolicCosine( )', '1', 'B6BB7B4C9A524506957E430A450579DB');
INSERT INTO `testitem` VALUES ('BA163EC89D5649F98C5C7EFA37C9B19B', 'C程序一定由函数构成', '0', '8F6F59720606466E8C50744D0B24A0EC');
INSERT INTO `testitem` VALUES ('BAD4F1E4B22A4012B29EE928862A3D9B', '便于开发人员进行需求分析', '1', '9C36B16AB66F47E8952ADAEAD93B7DE3');
INSERT INTO `testitem` VALUES ('BB5788DD50774DC9B90C3C4FBFF6DA43', 'ArithmeticException', '0', '5059BDF5503A40E29E7EE88AE114CE1C');
INSERT INTO `testitem` VALUES ('BB7ABD8B87D64737B9748926896BE938', 'ArraylList myList = new List();', '0', '9A8AB28B6ED343ACA017E5448C271526');
INSERT INTO `testitem` VALUES ('BBE3C47361E541AD9B6628E82919BC79', '计算机语言只能编写程序而不能表示算法', '1', '49E69C21C3C948518EE77924C3AFE308');
INSERT INTO `testitem` VALUES ('BC30D41995904AD3ACDA628734D14D2D', '对这个病人诊治是准确的，但抢救不及时', '0', 'D11BFB54265140D5BA3715C0EB93B632');
INSERT INTO `testitem` VALUES ('BC8F847AF8594B0F804506330DA90BF5', '事物的发展是量变和质量的统一', '0', '44FC84D7AB3743EB88DDD4F938952B53');
INSERT INTO `testitem` VALUES ('BCF37FCBE30748048F570846A8C5BB95', 'M= =0 ', '0', 'F0373FE28D4641D18D3B0BD3D16B6FF5');
INSERT INTO `testitem` VALUES ('BDC9E950AC874896A02CD5DD0AFF1B32', 'public int MAX_LENGTH=100;', '0', '7F70F2B0A3F54AA99F4D0F73205286B8');
INSERT INTO `testitem` VALUES ('BF5829FE65DC4473871103089C972E3B', '216', '1', '78A5DB6A814F44F59623CDAEC3823F50');
INSERT INTO `testitem` VALUES ('BF966A7D792D4FD6807A10448CA84D39', '编写程序', '0', '4C8A92F09770470AB05E9187809859BF');
INSERT INTO `testitem` VALUES ('C2462099082744C69817EC92FE5D5314', '1', '0', 'E8D22294BAE946B8AAC2AF8B3115A032');
INSERT INTO `testitem` VALUES ('C34166B5692C496385384A7DCCA960CE', '支持类C的指针运算操作', '0', '0F36C98C8C0C40B7919A06B2923115A4');
INSERT INTO `testitem` VALUES ('C44009D78FC0436CA71E6C57EF621752', '非零的数', '1', '67A05F67F8F04CFABF5C65792C9BD10E');
INSERT INTO `testitem` VALUES ('C4B1B76771484553845DAE7BA0E6937E', 'a read-only variable', '0', 'D2948A60C14B497F9F6D5DB25A7FFCAA');
INSERT INTO `testitem` VALUES ('C5DB268677654F1EA6FA8ECA62466A4C', '函数', '1', 'FB25D1F173E84DC1A7064EF14D6C8872');
INSERT INTO `testitem` VALUES ('C66905ADDFC34E79B2897EE9A7BAEC09', '表达式错误', '0', '958509C9842842969478D7F430E34E76');
INSERT INTO `testitem` VALUES ('C723982BEC76497FB9DB27087CD6E2E6', 'protected', '0', '0A077F0D1372466E8A0764DA16F3E682');
INSERT INTO `testitem` VALUES ('C82852DD37CE4AA6BACAB2624972309C', '能够编制出功能复杂的程序', '0', 'A5DD28E362E94FA78E9960B43DCC2A5D');
INSERT INTO `testitem` VALUES ('C83F133E263F4EB6A97B2E3DC09C1CF7', '字符流', '0', '60F51033975B40E0BCF476719D549147');
INSERT INTO `testitem` VALUES ('C842540A01354A1CAE5C2F385C0160A5', '调试和运行程序', '0', '4C8A92F09770470AB05E9187809859BF');
INSERT INTO `testitem` VALUES ('C9E1F8346CF94EEE99349D20547BABF1', '1.5', '0', '1EC58991202F40999AA4A60D26265F26');
INSERT INTO `testitem` VALUES ('CACCF26B52B14EE4981BF50957A95D76', '事物是本质和现象的统一', '0', '44FC84D7AB3743EB88DDD4F938952B53');
INSERT INTO `testitem` VALUES ('CBE8C17B0C2C475299A28DDB3987FFBC', '2', '0', '1619038D22A04CADA8FC8C1E8871346F');
INSERT INTO `testitem` VALUES ('CC33C7051F134289BA844D0306463D53', '补码', '1', '15143A0CE12C4DA38946420C4E693F8B');
INSERT INTO `testitem` VALUES ('CC7AF7CE4DA14E6EA1E05E48844D6108', '计算机语言就是编写程序的工具而不是表示算法的工具', '0', '72FDD8E60AE041CB9F30B27ED94678B0');
INSERT INTO `testitem` VALUES ('CCC17E061C4341A599EC82140FDF7A6C', '是唯心主义哲学的一种表现', '0', '22D145F6B1D84F34A4E7E2CCE7D404E9');
INSERT INTO `testitem` VALUES ('CE1C141EF6BF4DA89CA75DD28BCAABFF', 'Three', '0', 'C9A3E5B57AC04D22BFA9CB0CC94D2337');
INSERT INTO `testitem` VALUES ('CE2DC450941F4320BAB2EAAFD8DD5E4B', '大于零的整数', '0', '67A05F67F8F04CFABF5C65792C9BD10E');
INSERT INTO `testitem` VALUES ('CEFDAB1860E94EADA513BF476DDF7252', '<>', '0', 'ED4C8181D3E148B3B73306458F36CFDD');
INSERT INTO `testitem` VALUES ('CF05F56B370C47229A7214684FD33EFD', '质变是量变的必然结果', '0', '1EE7F53BBE9146DE82B733676A299FE5');
INSERT INTO `testitem` VALUES ('CF6D321142554BF79CEF3BAEC2E146D0', '都不能作为参数', '0', 'D7D5D656389E41FEBA2927E6504CC8A7');
INSERT INTO `testitem` VALUES ('CF70AF2F67B144A6B6EA4BDFA65C3E55', '包含文件中的第一个函数', '0', '5A1104861920498099D9EEFA30451D59');
INSERT INTO `testitem` VALUES ('D0279196B4A046E796729527361923B0', '一种由Java写成的，并支持Java Applet的浏览器', '0', '0238A72F402940F69E2F5934090140CF');
INSERT INTO `testitem` VALUES ('D06FA8319AA447BBA9107462AC68B558', 'wait后进入等待锁定池，只有针对此对象发出notify方法后获得对象锁进入运行状态', '1', '341FE26EAB2E4C848AF6DB802EA41710');
INSERT INTO `testitem` VALUES ('D0F13C0C13C745AE9ED280FCD4C992F8', '二者都是辩证法，后者是对前者的发展', '0', 'B5BCC2951831475DBEBEB8EC9C9A1B18');
INSERT INTO `testitem` VALUES ('D53BBABC96BF4A02BFAF44A31BE18869', '7', '1', '81658A0CB3EE4641AB37E2FD94B9B72B');
INSERT INTO `testitem` VALUES ('D69515F32DB1490C9CFBEBF0BAF3E770', 'constructor必须与class同名，但方法不能与class同名', '0', '6821D93FC9544B0796A796B571E6ADFC');
INSERT INTO `testitem` VALUES ('D6E4E9E215A649B9A1555F32C0AB4996', '递推法', '1', 'CF2F8529E42F48C2AFCF8C70E6154260');
INSERT INTO `testitem` VALUES ('D702DB20F3AF42E294E74A21B9AF5AFF', 'static', '0', '65E5DAA4CB3243D9ABACCF7072AD94B1');
INSERT INTO `testitem` VALUES ('D73D17E9F44E444BBA7B409024543545', 'long', '0', '077612B6EA3440699DFE149D2BA6E107');
INSERT INTO `testitem` VALUES ('D7AD25F01A2D4DFF97D18D81AED1C4B4', '输出为1234.6', '0', '7B69E132838F412FA3142A11916A94EE');
INSERT INTO `testitem` VALUES ('D81BCA8CF4984EEFAC4814684E47FC59', '事物发展的周期性、曲折性', '0', '8A1793B494214B4B9D19CE14F6FCD7BA');
INSERT INTO `testitem` VALUES ('D8C69827103143B99469E487B202B300', '子程序', '0', '288AB854D1AA4EDF9332AB85B523CB44');
INSERT INTO `testitem` VALUES ('DA0D87792298410DBE9A6EE02FB7A9CF', '1', '0', '6923D0C9BBE3476D9B2EBF7A3F0DFC07');
INSERT INTO `testitem` VALUES ('DB76C4A2C95E47D880AA6A5546986241', '输出为-1234.6', '0', '7B69E132838F412FA3142A11916A94EE');
INSERT INTO `testitem` VALUES ('DB79B56B7ED34A0E8DE17912488FF3D8', '程序中的main函数', '1', '5A1104861920498099D9EEFA30451D59');
INSERT INTO `testitem` VALUES ('DD149E26F800439C83FC5C339804FE04', '矛盾是事物发展的动力', '0', '44FC84D7AB3743EB88DDD4F938952B53');
INSERT INTO `testitem` VALUES ('DD5615EDD54E4A70B32C508AD8C044A6', '理论高于实践活动', '0', '254400E085D0429B810CE0A24212B058');
INSERT INTO `testitem` VALUES ('DE0723DE93F5478E8F42A11B0EB312CA', 'a.length() ', '0', '171B06FC59BF41EC873CF40F9ADD7A71');
INSERT INTO `testitem` VALUES ('DE0CE16EC84548809909EA66F2A49A90', '杜绝了程序的无条件转移', '1', 'D53767526A834DCFBBC32BBF9DE37485');
INSERT INTO `testitem` VALUES ('DE6FB0B3BAD54C519449CBDA8B75049D', '\\ ', '0', '5AAE7BF5C777471490E083EA9976637F');
INSERT INTO `testitem` VALUES ('DF0AF049494E4DCEB6A557EDA59E2876', '反映出用户问题的结构，可以作为软件开发工作的基础和依据', '0', '9C36B16AB66F47E8952ADAEAD93B7DE3');
INSERT INTO `testitem` VALUES ('E0AFE20253384E59923F589E0D0040D6', '物体可分为导体和非导体', '0', 'AEDB76FED7334000977E2C7755DE5396');
INSERT INTO `testitem` VALUES ('E10F7E2175744B9FAECD8468932E91F1', '承认事物的内在联系的', '0', 'AF2F1F0A840A4B12A7AD6DF354A0479B');
INSERT INTO `testitem` VALUES ('E218D5B2689247DE948D90CA9128D56F', ':=', '0', 'ED4C8181D3E148B3B73306458F36CFDD');
INSERT INTO `testitem` VALUES ('E250B3F168C847FB813AE64214420C0F', '所有参赛球队都有球迷喜欢', '0', '9ED83098BC554710BBDD25FB2880909B');
INSERT INTO `testitem` VALUES ('E3AB28AD4B394FC8B02954BF828C5A43', '递归法的关键是必须有一个递归终止的条件', '0', '058CC088C51643319EB5CF28EBF2A028');
INSERT INTO `testitem` VALUES ('E3B27DC7004349E281A06BD3AD096D59', '二者没有区别，可以互换使用', '0', '87B520A0551547AEA3B332D9CA61E01F');
INSERT INTO `testitem` VALUES ('E45FB415A6D34E75924D02B6BD84B729', '我的钱够买一斤西红柿', '0', '173A511CF062463A9F898A4536E53771');
INSERT INTO `testitem` VALUES ('E5A61F23C60B49B88010E301CF1265D3', 'B', '0', '7687DFA4030B454D847E44ECAE51B290');
INSERT INTO `testitem` VALUES ('E629C06CEA1545DBB0F300C6D1DEF842', 'a1', '0', '13D9D809562846318B7C25780B62313E');
INSERT INTO `testitem` VALUES ('E64B33F5E1E545B2BA3500FBD2CAACC1', '有些商店没有有遮蓬但是有霓虹灯', '0', '8515D9678D2748E19681BBDD62C2EED8');
INSERT INTO `testitem` VALUES ('E6BAA10C87344646B8BC989850C076E0', '承认普遍联系的辩证法观点', '1', '1751B8A8994442DA937EB5530F188990');
INSERT INTO `testitem` VALUES ('E6CDBF79565F41548C914FD41D165261', ' 如果某异常继承RuntimeException，则该异常可以不被声明', '0', '448C99C6EF9D4A079A7294588A93670F');
INSERT INTO `testitem` VALUES ('E7EFE58DAB11406A811BD9120EBD2112', 'm.length', '1', '5E7E1D6B7660451DAA155E00AD4D8009');
INSERT INTO `testitem` VALUES ('E7F2E765679E4F3D8522151536651B3B', 'AAAA', '0', 'DF1C183F37C64027BA2ACC5F2F99B284');
INSERT INTO `testitem` VALUES ('E857631411AA43C0B624B9F1887C46D6', 'protected', '0', '8528BA1F90184752B041C33643589415');
INSERT INTO `testitem` VALUES ('E857BF9BFDD24B9686524BC29357C06B', 'java.sql', '0', 'DA774172FC2948BEA04C0DA0D017F682');
INSERT INTO `testitem` VALUES ('E87865CED24F4CB28CB680977F2A7A6F', 'Checkbox b=new Checkbox(\"OK\");', '0', '8EC35697350242C5924DF82C911FD6A4');
INSERT INTO `testitem` VALUES ('E8A95CC0C48942C884C48895193CC8FE', 'Array[10] ', '0', 'E39D961D8E6E4F2582E28535E3064314');
INSERT INTO `testitem` VALUES ('E934E4C4CA5F46068C249CA870DE08C8', '辩证法的', '1', 'AF2F1F0A840A4B12A7AD6DF354A0479B');
INSERT INTO `testitem` VALUES ('E939F4FC3A264097BF237D258AAF04B2', 'm.length()+1', '0', '5E7E1D6B7660451DAA155E00AD4D8009');
INSERT INTO `testitem` VALUES ('E996DC695D9F4828B35A7E2F19FF67A5', 'Dialog', '1', '57D74F58918D48008123B6E44813C762');
INSERT INTO `testitem` VALUES ('EAE406B25EEE42919E91C80CB81BB324', 'Java程序经编译后会产生machine code', '0', '1CE1A4730B3542EFBB3A45DCAEEDF6D0');
INSERT INTO `testitem` VALUES ('EB05582656A34BC5854F54E26DEEB421', ' 异常可以用try{ . . .}catch(Exception e){ . . .}来捕获并进行处理', '0', '448C99C6EF9D4A079A7294588A93670F');
INSERT INTO `testitem` VALUES ('EB2C3711F2B44B90ABFB62F180BF88FC', '/', '0', 'C96A7A3D937E4938B8A5E1F82068DFEF');
INSERT INTO `testitem` VALUES ('EB3C02F478CE42BBB73D89CA26547384', 'private和protected', '0', '8528BA1F90184752B041C33643589415');
INSERT INTO `testitem` VALUES ('EBE5A4A7DD664D01A3B2D89DB9E371CE', '6', '1', 'E64BC2DAC61F402FAC5FA11116581D60');
INSERT INTO `testitem` VALUES ('EC08612B4FF141FD823F68F3BD691507', 'ArrayList myList = new Object();', '0', '9A8AB28B6ED343ACA017E5448C271526');
INSERT INTO `testitem` VALUES ('EC257815E0054876B38FB6788AD4F09E', 'class中的constructor不可省略', '0', '6821D93FC9544B0796A796B571E6ADFC');
INSERT INTO `testitem` VALUES ('ECCB33ABB6A94DE2987D7DDC461C05F4', 'ArrayIndexOutOfBoundsException ', '1', '5059BDF5503A40E29E7EE88AE114CE1C');
INSERT INTO `testitem` VALUES ('ECD6C64C380B4214856068C5832FE64E', '科学理论对实践有指导作用', '1', '254400E085D0429B810CE0A24212B058');
INSERT INTO `testitem` VALUES ('ED4311F4EEE142D198D7383810217D13', '多线性 ', '0', '655BE491ECC0499697B13588735DBC35');
INSERT INTO `testitem` VALUES ('ED4728E2CDC04DE08FD55C75A310D356', 'O(1)', '0', '970B57E6CFA544E4A144F7FB11D2D963');
INSERT INTO `testitem` VALUES ('ED76C6CFC6EA4BD2A15E7EC5174E2F94', '结构化程序设计方法是面向过程程序设计的主流', '1', '72FDD8E60AE041CB9F30B27ED94678B0');
INSERT INTO `testitem` VALUES ('EDEBCB6F59EE43B5817FC022C673EF5E', '1', '0', '13D9D809562846318B7C25780B62313E');
INSERT INTO `testitem` VALUES ('F03C7C79B7104FD1B26E2DAACC3257B5', '程序是指令的集合，计算机语言是编写程序的工具', '0', '49E69C21C3C948518EE77924C3AFE308');
INSERT INTO `testitem` VALUES ('F07F251654944401997F4AB051969558', '第四代语言', '0', '7F30637693BD484FA462377746A67DE7');
INSERT INTO `testitem` VALUES ('F08F284D07224097BD6572913D79E7E9', 'transient', '0', '65E5DAA4CB3243D9ABACCF7072AD94B1');
INSERT INTO `testitem` VALUES ('F0FD9B9BB29E401AAE4E70825488E563', '安全性', '0', '655BE491ECC0499697B13588735DBC35');
INSERT INTO `testitem` VALUES ('F14406D7A73143EE8C9F460C6889EF43', 'public', '1', '8528BA1F90184752B041C33643589415');
INSERT INTO `testitem` VALUES ('F15689A6C1E64E798014203086F2478A', 'integer', '0', '8D4728BBB1584E91AFB503E4E1FDBE4A');
INSERT INTO `testitem` VALUES ('F2180D70B1924E419260EDCBB4D56733', '插入排序', '0', '2C69F9D19AFC4F598C8823BB076008E1');
INSERT INTO `testitem` VALUES ('F22CE4E08FD94E03ADA3B69A1DBE8E71', '有一个或多个输出', '0', '0E63DB8E769E4D5A9ED508253F035B81');
INSERT INTO `testitem` VALUES ('F244EB9F707A4B509DB48B87C48AB9CB', 'Java程序经编译后会产生byte code ', '1', '1CE1A4730B3542EFBB3A45DCAEEDF6D0');
INSERT INTO `testitem` VALUES ('F2879462CEB14FE09452254143B4D02C', 'Button b=new Button(\"OK\");', '1', '8EC35697350242C5924DF82C911FD6A4');
INSERT INTO `testitem` VALUES ('F2CB03AEA0F0472F8813A1C1044B337A', '>>执行有符号左移，>>>执行无符号左移', '1', '717C4B48997C406C95828CD50327CB3B');
INSERT INTO `testitem` VALUES ('F30638AFCDC443079F59CC23684E3820', 'Char ', '0', '8D4728BBB1584E91AFB503E4E1FDBE4A');
INSERT INTO `testitem` VALUES ('F34AB03E721147FEB7ADD68FDF1EDDD0', '3', '0', '958509C9842842969478D7F430E34E76');
INSERT INTO `testitem` VALUES ('F36E7CE22A5E4DF08CA9343027E02E32', '程序就是软件，但软件不紧紧是程序', '0', '49E69C21C3C948518EE77924C3AFE308');
INSERT INTO `testitem` VALUES ('F38D1E56F6E44DD2A7C1C72095A3313A', 'BCD码', '0', '15143A0CE12C4DA38946420C4E693F8B');
INSERT INTO `testitem` VALUES ('F3B04520299A4E1DAA56F7D7334BAB78', '返回当前线程所属的线程组的名称', '0', 'DEAFAE70356B4104A99BBED309C25762');
INSERT INTO `testitem` VALUES ('F3CBFCA65C034FE78EFE213E8D895BA7', '枚举法 ', '0', 'CF2F8529E42F48C2AFCF8C70E6154260');
INSERT INTO `testitem` VALUES ('F40D34D84A514E19B75F43F803727015', '有利于编写程序', '0', 'D53767526A834DCFBBC32BBF9DE37485');
INSERT INTO `testitem` VALUES ('F522A90A7EBE40DE851A987C9D290930', '违反事物发展规律的表现', '1', '4F6BD8B575FE43348E456DFF7DA54C84');
INSERT INTO `testitem` VALUES ('F593B6ADDB3C4325ABB713B9A5243807', '夸大了意识的作用', '0', '22D145F6B1D84F34A4E7E2CCE7D404E9');
INSERT INTO `testitem` VALUES ('F606272AE76647BE962105A7055E0FBC', 'm.length()', '0', '5E7E1D6B7660451DAA155E00AD4D8009');
INSERT INTO `testitem` VALUES ('F6289B3B01F84351867BCEF94418D84F', '$', '0', '5AEE769873E24B7F852B85B81E18BC88');
INSERT INTO `testitem` VALUES ('F68277F3FEB840AA90DD089FAD8D5BD4', 'a.length', '1', '171B06FC59BF41EC873CF40F9ADD7A71');
INSERT INTO `testitem` VALUES ('F72035AED6414367B4C342F0F44D79A1', 'x=sizeof(int);', '0', 'C142E43B80554EDD8678A710056322A5');
INSERT INTO `testitem` VALUES ('F8E401F6ECBB493CA48E55C7AB25A806', '行人不应在马路上行走', '0', 'A647773A66B843A495EF728249CDF1DC');
INSERT INTO `testitem` VALUES ('F9CC09E854AC4276BDF91550AD748196', '6', '0', '81658A0CB3EE4641AB37E2FD94B9B72B');
INSERT INTO `testitem` VALUES ('FA4E770D94254FFFA0590C8F20FFBE34', '13', '1', '926835D9802342359646FE1B38440117');
INSERT INTO `testitem` VALUES ('FA9625711A8B44EA9ED2EA5C4E71A7C4', '5', '0', 'E64BC2DAC61F402FAC5FA11116581D60');
INSERT INTO `testitem` VALUES ('FB09D97BE5D64BF9A1C29C5FF2493294', '是对意识能动作用的一种正确的揭示', '1', '22D145F6B1D84F34A4E7E2CCE7D404E9');
INSERT INTO `testitem` VALUES ('FB30A3B0EC6C487A861C0AAC9ED943B3', '-346', '0', '8F1013052952436F9CD91D64F9538B8F');
INSERT INTO `testitem` VALUES ('FB7BEC2165DF42199C792EC384031FF5', '矛盾普遍性原理', '0', '735CD27D3E584C6B804770E54B97FE58');
INSERT INTO `testitem` VALUES ('FCCC825E833F4D2BA7849451C9E8F177', 'float', '0', '84796E630D724EFDAE5C09BEC6311EB4');
INSERT INTO `testitem` VALUES ('FD3CE0AD195B482080C5E8F5CC126334', '通过调用suspend()方法而停止的线程', '1', 'FF243F95E4FA458F8549A3C5491F2B0F');
INSERT INTO `testitem` VALUES ('FD5A5B9CA2474717AE7A7A7F47248198', '17.5', '0', '1EC58991202F40999AA4A60D26265F26');
INSERT INTO `testitem` VALUES ('FDC7B5A16E9643879D5E025C3791CD47', '矛盾分析法', '1', 'EBFECD64B4A64E8DB437A963B15D49E8');
INSERT INTO `testitem` VALUES ('FDDEF7B467FB40E7A35B56C5ACC5144C', '一个线程可能因为不同的原因停止并进入就绪状态', '0', '04B8F0B3ECAE4FA2A6FF96A78D0A96A3');
INSERT INTO `testitem` VALUES ('FE350BD9BB9B4F5FB37C27A7BD4B4CEB', 'java是移植性强的语言', '0', '29CC07451D9941DE8C97FF67AAC58EAF');
INSERT INTO `testitem` VALUES ('FE3F596563514DB1AF67BF5C0398D4CB', '98，c', '0', '9E0690F3D20F4519BC7307502506CC04');
INSERT INTO `testitem` VALUES ('FED5AAAE45B742CE963DA3C5F6C14F99', '否认事物差别的相对主义观点', '0', 'AF2F1F0A840A4B12A7AD6DF354A0479B');
INSERT INTO `testitem` VALUES ('FEFE500FBEF54576A4B4DB5DDAE15712', 'default  String  s；', '0', 'B6BB7B4C9A524506957E430A450579DB');
INSERT INTO `testitem` VALUES ('FF086DFB63B54224BFF5AFAE06BBF0DA', '排序法', '0', 'CF2F8529E42F48C2AFCF8C70E6154260');
INSERT INTO `testitem` VALUES ('FF2953B9DC234519B1C89247668D3DA5', '>>执行翻转', '0', '717C4B48997C406C95828CD50327CB3B');
INSERT INTO `testitem` VALUES ('FF822C5E5DC5422488EE8DB2C91F3196', '输出为1234.7', '0', '7B69E132838F412FA3142A11916A94EE');

-- ----------------------------
-- Table structure for `testrule`
-- ----------------------------
DROP TABLE IF EXISTS `testrule`;
CREATE TABLE `testrule` (
  `testruleId` char(32) NOT NULL,
  `testruleName` varchar(50) NOT NULL,
  `testruleTime` int(11) NOT NULL,
  PRIMARY KEY (`testruleId`)
) ENGINE=InnoDB DEFAULT CHARSET=utf8;

-- ----------------------------
-- Records of testrule
-- ----------------------------
INSERT INTO `testrule` VALUES ('52BFF2F05072436680DADAA0EFCF5C22', 'C', '1');
INSERT INTO `testrule` VALUES ('88958ED317C148B98539FD622BB49D47', 'Java', '6');
INSERT INTO `testrule` VALUES ('9A0E237E2FEF4A1EAF462AF4AF899A93', '数据结构', '30');
INSERT INTO `testrule` VALUES ('BF2974E3FA8045EF868FA35ED3AE3921', '哲学', '57');
INSERT INTO `testrule` VALUES ('C68A6157784A4E889AB78D4C353E67F5', '逻辑思维', '120');

-- ----------------------------
-- Table structure for `testruleitem`
-- ----------------------------
DROP TABLE IF EXISTS `testruleitem`;
CREATE TABLE `testruleitem` (
  `testruleitemId` char(32) NOT NULL,
  `testruleitemNum` int(11) NOT NULL,
  `testtypeId` char(32) NOT NULL,
  `testruleId` char(32) NOT NULL,
  PRIMARY KEY (`testruleitemId`),
  KEY `testtypeId` (`testtypeId`),
  KEY `testruleId` (`testruleId`),
  CONSTRAINT `testruleitem_ibfk_1` FOREIGN KEY (`testtypeId`) REFERENCES `testtype` (`testtypeId`) ON DELETE CASCADE ON UPDATE CASCADE,
  CONSTRAINT `testruleitem_ibfk_2` FOREIGN KEY (`testruleId`) REFERENCES `testrule` (`testruleId`) ON DELETE CASCADE ON UPDATE CASCADE
) ENGINE=InnoDB DEFAULT CHARSET=utf8;

-- ----------------------------
-- Records of testruleitem
-- ----------------------------
INSERT INTO `testruleitem` VALUES ('21006288FE5D4AD78D53DC0096C5FBDC', '5', 'FFE2942532DB478B9EF2664D95E91B49', '88958ED317C148B98539FD622BB49D47');
INSERT INTO `testruleitem` VALUES ('318CA5E3778F4FFDBEFF66E44C5E43F5', '4', '数据结构', '9A0E237E2FEF4A1EAF462AF4AF899A93');
INSERT INTO `testruleitem` VALUES ('32AC1011F72E4F5BB8D8163DF05F7198', '12', '逻辑思维', 'C68A6157784A4E889AB78D4C353E67F5');
INSERT INTO `testruleitem` VALUES ('367E6F030FAB4EC38B383C77A6D8A99E', '10', 'Java', '88958ED317C148B98539FD622BB49D47');
INSERT INTO `testruleitem` VALUES ('80FF7219157E472B8684ED38381CF718', '11', 'FFE2942532DB478B9EF2664D95E91B49', 'C68A6157784A4E889AB78D4C353E67F5');
INSERT INTO `testruleitem` VALUES ('82A02BF031BA4B96B1383FCECD62F314', '11', '数据结构', 'BF2974E3FA8045EF868FA35ED3AE3921');
INSERT INTO `testruleitem` VALUES ('B142FE2D791844C5A4684A0A69CBD47B', '27', 'FFE2942532DB478B9EF2664D95E91B49', 'BF2974E3FA8045EF868FA35ED3AE3921');
INSERT INTO `testruleitem` VALUES ('DB000956AF4748DAA10B4E654AD94090', '11', '逻辑思维', 'BF2974E3FA8045EF868FA35ED3AE3921');
INSERT INTO `testruleitem` VALUES ('F2B29905BA5B4A37AF716C30A2892100', '9', 'F09BB52D4B534A5EB2D6F565C0B91F5D', '52BFF2F05072436680DADAA0EFCF5C22');
INSERT INTO `testruleitem` VALUES ('F30DC6ABC6BA487CB7A028FEE966A859', '5', 'FFE2942532DB478B9EF2664D95E91B49', '52BFF2F05072436680DADAA0EFCF5C22');
INSERT INTO `testruleitem` VALUES ('F7583D411CB94AC99300AEEEF1E6D96A', '4', 'F09BB52D4B534A5EB2D6F565C0B91F5D', '9A0E237E2FEF4A1EAF462AF4AF899A93');

-- ----------------------------
-- Table structure for `testtype`
-- ----------------------------
DROP TABLE IF EXISTS `testtype`;
CREATE TABLE `testtype` (
  `testtypeId` char(32) NOT NULL,
  `testtypeName` varchar(50) NOT NULL,
  PRIMARY KEY (`testtypeId`)
) ENGINE=InnoDB DEFAULT CHARSET=utf8;

-- ----------------------------
-- Records of testtype
-- ----------------------------
INSERT INTO `testtype` VALUES ('F09BB52D4B534A5EB2D6F565C0B91F5D', 'C');
INSERT INTO `testtype` VALUES ('FFE2942532DB478B9EF2664D95E91B49', '哲学');
INSERT INTO `testtype` VALUES ('Java', 'Java');
INSERT INTO `testtype` VALUES ('数据结构', '数据结构');
INSERT INTO `testtype` VALUES ('逻辑思维', '逻辑思维');
